user_id,session_id,slide_id,ground_truth,final_label,first_label,label_event_count,label_changed_within_session,is_labelled,is_correct,first_event_at,last_event_at,event_count,attempt_count,active_event_count,passive_event_count,cell_click_count,zoom_step_count,arrow_pan_count,viewport_poll_count,idle_start_count,idle_end_count,label_select_count,slide_next_count,raw_duration_s,idle_adjusted_duration_s,gap_capped_duration_s,max_zoom,median_zoom,reached_10x_plus,reached_20x_plus,reached_40x,never_above_5x
admin,48450126-c886-4f4e-9845-b5cb105e92e3,CRC_1531,non-neoplastic,low-grade,low-grade,1,False,True,False,2026-03-26T15:25:05+00:00,2026-04-01T11:16:09+00:00,228,6,50,178,16,19,11,158,7,3,1,0,503464.0,415.0,383.0,20.0,5.0,True,True,False,False
admin,5ae06e13-b059-402c-b8e1-6eb573a89547,CRC_1444,non-neoplastic,,,0,False,False,False,2026-04-08T16:47:23+00:00,2026-04-08T16:47:53+00:00,6,1,0,6,0,0,0,3,1,0,0,0,30.0,30.0,30.0,0.63,0.63,False,False,False,True
alistair.heath,1ab4bcb4-8851-4d35-8822-30bd0a2c655b,CRC_1180,low-grade,low-grade,low-grade,2,False,True,True,2026-05-03T16:07:50+00:00,2026-05-03T16:08:34+00:00,65,1,42,23,3,3,34,22,0,0,1,1,44.0,44.0,44.0,10.0,2.5,True,False,False,False
alistair.heath,57f39b22-7297-475f-b06a-2ab0c12b4f58,CRC_2525,high-grade,low-grade,low-grade,2,False,True,False,2026-05-03T16:11:26+00:00,2026-05-03T16:12:19+00:00,85,1,58,27,7,21,28,26,0,0,1,1,53.0,53.0,53.0,5.0,5.0,False,False,False,True
alistair.heath,607e7259-f885-4668-8433-c009b1db0187,CRC_2963,non-neoplastic,non-neoplastic,non-neoplastic,2,False,True,True,2026-05-03T16:04:26+00:00,2026-05-03T16:07:47+00:00,119,1,64,55,3,4,55,49,1,2,1,1,201.0,110.0,140.0,10.0,5.0,True,False,False,False
alistair.heath,70b0f3ca-5453-48aa-b82a-8a25642ad849,CRC_2084,low-grade,low-grade,low-grade,1,False,True,True,2026-05-03T16:09:47+00:00,2026-05-03T16:10:31+00:00,47,1,24,23,7,13,3,22,0,0,1,0,44.0,44.0,44.0,5.0,2.5,False,False,False,True
alistair.heath,7ed5a71e-9f34-4002-806f-e96f9917b3d4,CRC_3699,high-grade,low-grade,low-grade,2,False,True,False,2026-05-03T16:08:37+00:00,2026-05-03T16:09:44+00:00,110,1,76,34,24,46,4,33,0,0,1,1,67.0,67.0,67.0,40.0,2.5,True,True,True,False
alistair.heath,8058c0bb-0c2a-4b1a-8a96-573675731538,CRC_2291,non-neoplastic,low-grade,low-grade,2,False,True,False,2026-05-03T16:11:07+00:00,2026-05-03T16:11:24+00:00,28,1,19,9,6,11,0,8,0,0,1,1,17.0,17.0,17.0,2.5,2.5,False,False,False,True
alistair.heath,b9bc43be-8c4f-4776-8f56-9d560717d278,CRC_3601,high-grade,,,0,False,False,False,2026-05-03T16:12:21+00:00,2026-05-03T16:12:35+00:00,12,1,4,8,2,2,0,7,0,0,0,0,14.0,14.0,14.0,5.0,1.56,False,False,False,True
alistair.heath,ee14d9db-3b5c-4bbb-ae5b-c22b7b8f5b97,CRC_1983,high-grade,high-grade,high-grade,2,False,True,True,2026-05-03T16:10:34+00:00,2026-05-03T16:11:04+00:00,37,1,22,15,4,9,7,14,0,0,1,1,30.0,30.0,30.0,5.0,5.0,False,False,False,True
ashish.bansal,0124984a-2766-4f0c-8251-f6a41cc933d8,CRC_0891,high-grade,high-grade,high-grade,3,False,True,True,2026-04-10T09:22:24+00:00,2026-04-10T09:23:07+00:00,44,1,22,22,5,14,0,21,0,0,2,1,43.0,43.0,43.0,10.0,2.5,True,False,False,False
ashish.bansal,019bf533-a975-4974-b0ba-e2e4d25ec4de,CRC_0767,high-grade,high-grade,high-grade,1,False,True,True,2026-06-13T18:22:04+00:00,2026-06-13T18:22:39+00:00,46,1,28,18,9,18,0,17,0,0,1,0,35.0,35.0,35.0,5.0,2.5,False,False,False,True
ashish.bansal,02f76dbc-068b-4dfc-a3a4-dbc4e5c7cdd4,CRC_2907,high-grade,low-grade,low-grade,2,False,True,False,2026-04-09T13:40:25+00:00,2026-04-09T13:40:58+00:00,42,1,25,17,6,13,4,16,0,0,1,1,33.0,33.0,33.0,20.0,5.0,True,True,False,False
ashish.bansal,04cc918c-9adb-4090-a6d7-67c1b0b60494,CRC_2218,high-grade,high-grade,high-grade,3,False,True,True,2026-04-10T09:27:03+00:00,2026-04-10T09:28:15+00:00,80,1,42,38,14,25,0,35,1,1,2,1,72.0,71.0,72.0,20.0,2.5,True,True,False,False
ashish.bansal,0582cf5f-be45-4f3d-9589-86ef439dadc2,CRC_4081,non-neoplastic,non-neoplastic,non-neoplastic,2,False,True,True,2026-06-13T18:32:30+00:00,2026-06-13T18:37:40+00:00,45,1,17,28,5,10,0,25,1,1,1,1,310.0,52.0,82.0,5.0,2.5,False,False,False,True
ashish.bansal,05dacf64-0863-4105-8a29-fe7a1880ddc0,CRC_2518,non-neoplastic,non-neoplastic,non-neoplastic,2,False,True,True,2026-06-13T18:51:06+00:00,2026-06-13T18:51:34+00:00,31,1,16,15,5,9,0,14,0,0,1,1,28.0,28.0,28.0,5.0,2.5,False,False,False,True
ashish.bansal,088c9ed7-dcd8-4e52-a224-f1c6f7df73dc,CRC_1824,low-grade,low-grade,low-grade,2,False,True,True,2026-06-13T19:12:37+00:00,2026-06-13T19:13:03+00:00,22,1,11,11,3,6,0,10,0,0,1,1,26.0,26.0,26.0,5.0,2.5,False,False,False,True
ashish.bansal,0a249a74-2cc6-4964-b9c8-b09dbaae770c,CRC_3010,non-neoplastic,non-neoplastic,non-neoplastic,2,False,True,True,2026-06-13T19:13:06+00:00,2026-06-13T19:13:24+00:00,22,1,12,10,3,7,0,9,0,0,1,1,18.0,18.0,18.0,5.0,5.0,False,False,False,True
ashish.bansal,0b343283-76b7-4a73-89c6-cd03c6b4e6fd,CRC_2084,low-grade,low-grade,low-grade,2,False,True,True,2026-06-13T19:03:46+00:00,2026-06-13T19:04:11+00:00,24,1,11,13,3,6,0,12,0,0,1,1,25.0,25.0,25.0,2.5,2.5,False,False,False,True
ashish.bansal,0b800919-4d81-409b-9a59-e9b1d1b073e5,CRC_3017,high-grade,high-grade,high-grade,3,False,True,True,2026-04-10T09:25:16+00:00,2026-04-10T09:26:32+00:00,75,1,36,39,12,21,0,38,0,0,2,1,76.0,76.0,76.0,10.0,2.5,True,False,False,False
ashish.bansal,0c991190-dc50-4203-b15c-c7f39669d6f6,CRC_2130,high-grade,high-grade,high-grade,3,False,True,True,2026-04-10T09:28:42+00:00,2026-04-10T09:29:19+00:00,42,1,23,19,5,15,0,18,0,0,2,1,37.0,37.0,37.0,10.0,5.0,True,False,False,False
ashish.bansal,0d19569b-f8f5-4cf8-9df7-baf847b829cb,CRC_1659,low-grade,low-grade,low-grade,3,False,True,True,2026-04-10T09:06:10+00:00,2026-04-10T09:06:23+00:00,13,1,6,7,1,2,0,6,0,0,2,1,13.0,13.0,13.0,2.5,2.5,False,False,False,True
ashish.bansal,0e91a9dd-eb42-4801-bdcb-8de8b5ddd0e0,CRC_0427,low-grade,low-grade,low-grade,2,False,True,True,2026-06-13T18:15:10+00:00,2026-06-13T18:15:24+00:00,18,1,10,8,2,6,0,7,0,0,1,1,14.0,14.0,14.0,10.0,2.5,True,False,False,False
ashish.bansal,0f71a269-0970-4f34-93cf-fbd17cfb55fe,CRC_3659,low-grade,non-neoplastic,non-neoplastic,2,False,True,False,2026-04-09T13:44:10+00:00,2026-04-09T13:45:02+00:00,60,1,33,27,11,19,1,26,0,0,1,1,52.0,52.0,52.0,10.0,5.0,True,False,False,False
ashish.bansal,139b863d-645b-4823-a4cc-8f854dee5c09,CRC_3168,low-grade,low-grade,low-grade,3,False,True,True,2026-04-10T08:59:48+00:00,2026-04-10T09:00:04+00:00,20,1,11,9,2,6,0,8,0,0,2,1,16.0,16.0,16.0,5.0,2.5,False,False,False,True
ashish.bansal,13ebef9f-7ef7-4748-90ae-79c1df8a5286,CRC_0690,non-neoplastic,non-neoplastic,non-neoplastic,3,False,True,True,2026-04-10T08:57:32+00:00,2026-04-10T08:58:19+00:00,52,1,28,24,9,16,0,23,0,0,2,1,47.0,47.0,47.0,5.0,2.5,False,False,False,True
ashish.bansal,1703701b-0331-4acb-9049-e2bb103e4a40,CRC_3815,low-grade,low-grade,low-grade,2,False,True,True,2026-06-13T19:26:07+00:00,2026-06-13T19:26:19+00:00,17,1,10,7,3,5,0,5,0,0,1,1,12.0,12.0,12.0,2.5,2.5,False,False,False,True
ashish.bansal,17211e83-7ea7-42a5-aed8-afcf7d2613f9,CRC_4239,high-grade,high-grade,high-grade,2,False,True,True,2026-04-10T09:04:27+00:00,2026-04-10T09:06:06+00:00,102,1,52,50,18,32,0,49,0,0,2,0,99.0,99.0,99.0,20.0,5.0,True,True,False,False
ashish.bansal,17977c33-c0d5-4d26-9802-4688f660dcd0,CRC_2300,non-neoplastic,non-neoplastic,non-neoplastic,1,False,True,True,2026-04-09T13:35:10+00:00,2026-04-09T13:35:29+00:00,22,1,12,10,3,8,0,9,0,0,1,0,19.0,19.0,19.0,5.0,5.0,False,False,False,True
ashish.bansal,18d754b3-1c1b-4109-b3e6-a92482c81b5f,CRC_2354,non-neoplastic,non-neoplastic,non-neoplastic,2,False,True,True,2026-04-09T13:46:01+00:00,2026-04-09T13:46:33+00:00,36,1,22,14,7,13,0,13,0,0,1,1,32.0,32.0,32.0,5.0,2.5,False,False,False,True
ashish.bansal,1a492b74-c02c-48c8-a693-2fd0a07eae95,CRC_1505,low-grade,low-grade,low-grade,1,False,True,True,2026-04-09T13:49:40+00:00,2026-04-09T13:49:49+00:00,10,1,5,5,1,3,0,4,0,0,1,0,9.0,9.0,9.0,5.0,2.5,False,False,False,True
ashish.bansal,1a861c21-0aa0-450a-940e-b5037948dd4b,CRC_2637,low-grade,low-grade,low-grade,2,False,True,True,2026-06-13T18:46:41+00:00,2026-06-13T18:47:07+00:00,20,1,7,13,1,4,0,12,0,0,1,1,26.0,26.0,26.0,5.0,1.56,False,False,False,True
ashish.bansal,1cfe3f32-2fa9-4ad5-a376-918c7972c4f3,CRC_0532,low-grade,non-neoplastic,non-neoplastic,2,False,True,False,2026-04-09T13:47:31+00:00,2026-04-09T13:48:00+00:00,23,1,8,15,2,4,0,14,0,0,1,1,29.0,29.0,29.0,5.0,5.0,False,False,False,True
ashish.bansal,1e5674fa-71bd-4c71-842b-0026ccaa7569,CRC_0132,high-grade,high-grade,high-grade,2,False,True,True,2026-06-13T19:21:29+00:00,2026-06-13T19:22:59+00:00,68,1,28,40,9,17,0,37,1,1,1,1,90.0,75.0,90.0,5.0,2.5,False,False,False,True
ashish.bansal,1edd19da-d22f-4835-81a3-f362e43514fa,CRC_0564,non-neoplastic,non-neoplastic,non-neoplastic,2,False,True,True,2026-06-13T18:26:00+00:00,2026-06-13T18:26:24+00:00,33,1,21,12,7,12,0,11,0,0,1,1,24.0,24.0,24.0,10.0,2.5,True,False,False,False
ashish.bansal,2011f1ab-d093-49db-874b-2c0779a47a85,CRC_1800,high-grade,high-grade,high-grade,3,False,True,True,2026-04-10T09:31:01+00:00,2026-04-10T09:31:15+00:00,16,1,8,8,1,4,0,7,0,0,2,1,14.0,14.0,14.0,5.0,2.5,False,False,False,True
ashish.bansal,215ac155-a70b-40d2-a9a2-e67675ec3f96,CRC_1515,low-grade,non-neoplastic,non-neoplastic,2,False,True,False,2026-04-09T13:46:52+00:00,2026-04-09T13:47:16+00:00,27,1,14,13,5,7,0,12,0,0,1,1,24.0,24.0,24.0,10.0,5.0,True,False,False,False
ashish.bansal,215ca97f-c6d5-47bc-8359-ef578c458900,CRC_2446,non-neoplastic,low-grade,low-grade,2,False,True,False,2026-06-13T18:48:44+00:00,2026-06-13T18:49:31+00:00,51,1,27,24,9,16,0,23,0,0,1,1,47.0,47.0,47.0,10.0,2.5,True,False,False,False
ashish.bansal,21afe324-c59c-4297-aee8-ea6396ca3489,CRC_3748,low-grade,low-grade,low-grade,2,False,True,True,2026-06-13T19:07:28+00:00,2026-06-13T19:09:21+00:00,35,1,11,24,3,6,0,21,1,1,1,1,113.0,42.0,72.0,5.0,0.63,False,False,False,True
ashish.bansal,233ac856-4069-4f9d-bd8f-08a0dc99dac8,CRC_1042,non-neoplastic,low-grade,low-grade,2,False,True,False,2026-04-09T13:47:19+00:00,2026-04-09T13:47:28+00:00,9,1,4,5,1,1,0,4,0,0,1,1,9.0,9.0,9.0,5.0,5.0,False,False,False,True
ashish.bansal,23a14ef0-e0e3-4ae1-befb-333a05649ccb,CRC_4268,high-grade,high-grade,high-grade,2,False,True,True,2026-06-13T18:14:32+00:00,2026-06-13T18:15:07+00:00,32,1,14,18,5,7,0,17,0,0,1,1,35.0,35.0,35.0,10.0,2.5,True,False,False,False
ashish.bansal,23b0c1fd-4e73-4088-80a1-3263c9472cbe,CRC_2125,low-grade,high-grade,high-grade,2,False,True,False,2026-06-13T19:06:45+00:00,2026-06-13T19:07:26+00:00,60,1,39,21,13,24,0,20,0,0,1,1,41.0,41.0,41.0,5.0,2.5,False,False,False,True
ashish.bansal,23c38e4e-99b6-4278-8de0-a1742445fbc8,CRC_1180,low-grade,low-grade,low-grade,2,False,True,True,2026-06-13T19:26:49+00:00,2026-06-13T19:27:10+00:00,27,1,16,11,5,9,0,10,0,0,1,1,21.0,21.0,21.0,5.0,2.5,False,False,False,True
ashish.bansal,25ebe1ee-307f-4c2e-be28-f7bf08ab8b8e,CRC_1849,low-grade,low-grade,low-grade,3,False,True,True,2026-04-10T09:21:42+00:00,2026-04-10T09:21:53+00:00,15,1,9,6,2,4,0,5,0,0,2,1,11.0,11.0,11.0,2.5,2.5,False,False,False,True
ashish.bansal,29a2f3e6-167b-4f87-a82c-c798cad2eba1,CRC_3768,low-grade,low-grade,low-grade,2,False,True,True,2026-04-09T13:26:54+00:00,2026-04-09T13:28:22+00:00,67,1,30,37,10,18,0,34,1,1,1,1,88.0,69.0,88.0,10.0,2.5,True,False,False,False
ashish.bansal,2b0bd985-bd2e-41c1-b6d0-aa91eeb1a243,CRC_0716,high-grade,high-grade,high-grade,2,False,True,True,2026-04-09T13:45:23+00:00,2026-04-09T13:45:58+00:00,37,1,19,18,6,11,0,17,0,0,1,1,35.0,35.0,35.0,5.0,2.5,False,False,False,True
ashish.bansal,2c532e26-640f-41af-8cd6-8b16b4187451,CRC_0005,non-neoplastic,non-neoplastic,non-neoplastic,2,False,True,True,2026-04-09T13:23:41+00:00,2026-04-09T13:24:28+00:00,61,1,37,24,9,26,0,23,0,0,1,1,47.0,47.0,47.0,20.0,5.0,True,True,False,False
ashish.bansal,2f1334bf-8eb1-4f9f-998b-24ff9d9c24b9,CRC_0580,low-grade,non-neoplastic,non-neoplastic,2,False,True,False,2026-04-09T13:30:02+00:00,2026-04-09T13:30:50+00:00,98,1,73,25,33,36,2,24,0,0,1,1,48.0,48.0,48.0,20.0,2.5,True,True,False,False
ashish.bansal,2f54a953-7f91-43f5-8521-e43a6d32b019,CRC_0135,non-neoplastic,non-neoplastic,low-grade,3,True,True,True,2026-06-13T19:19:31+00:00,2026-06-13T19:19:59+00:00,42,1,28,14,6,19,0,13,0,0,2,1,28.0,28.0,28.0,5.0,2.5,False,False,False,True
ashish.bansal,2fabcc64-b91f-4f58-b174-3ec7308901df,CRC_3601,high-grade,low-grade,low-grade,3,False,True,False,2026-04-10T08:57:07+00:00,2026-04-10T08:57:30+00:00,33,1,20,13,4,13,0,11,0,0,2,1,23.0,23.0,23.0,5.0,2.5,False,False,False,True
ashish.bansal,30a6da83-b1be-429a-bb6a-084f16427e76,CRC_1308,low-grade,low-grade,low-grade,2,False,True,True,2026-06-13T18:40:00+00:00,2026-06-13T18:40:21+00:00,27,1,16,11,4,10,0,10,0,0,1,1,21.0,21.0,21.0,5.0,5.0,False,False,False,True
ashish.bansal,32895f8e-ba58-49d1-bec6-b522177a86be,CRC_0731,low-grade,non-neoplastic,non-neoplastic,3,False,True,False,2026-04-10T09:06:26+00:00,2026-04-10T09:08:31+00:00,85,1,33,52,9,21,0,49,1,1,2,1,125.0,100.0,125.0,20.0,5.0,True,True,False,False
ashish.bansal,34012a86-26c7-497b-8e49-33e845937a71,CRC_3211,low-grade,non-neoplastic,non-neoplastic,2,False,True,False,2026-06-13T19:04:38+00:00,2026-06-13T19:04:56+00:00,23,1,13,10,4,7,0,9,0,0,1,1,18.0,18.0,18.0,5.0,2.5,False,False,False,True
ashish.bansal,352fd6be-e76f-425c-822b-8606f07d42c1,CRC_1416,high-grade,low-grade,low-grade,3,False,True,False,2026-04-10T08:58:22+00:00,2026-04-10T08:58:42+00:00,30,1,20,10,4,13,0,9,0,0,2,1,20.0,20.0,20.0,5.0,2.5,False,False,False,True
ashish.bansal,3681dafc-613b-4880-80d2-632f9af9351b,CRC_3543,low-grade,low-grade,low-grade,2,False,True,True,2026-06-13T18:24:48+00:00,2026-06-13T18:25:12+00:00,21,1,9,12,1,3,1,11,0,0,1,1,24.0,24.0,24.0,5.0,2.5,False,False,False,True
ashish.bansal,378378e9-9d72-4ae1-bc0a-aa75198d39bb,CRC_1003,non-neoplastic,non-neoplastic,non-neoplastic,3,False,True,True,2026-04-10T09:21:56+00:00,2026-04-10T09:22:21+00:00,31,1,18,13,4,11,0,12,0,0,2,1,25.0,25.0,25.0,5.0,5.0,False,False,False,True
ashish.bansal,37c43375-0aca-495e-ab67-6f71de601232,CRC_2632,low-grade,low-grade,low-grade,2,False,True,True,2026-04-09T13:29:11+00:00,2026-04-09T13:29:34+00:00,19,1,7,12,1,4,0,11,0,0,1,1,23.0,23.0,23.0,5.0,0.63,False,False,False,True
ashish.bansal,3a130d9a-684b-4e57-a4aa-cea833472d6c,CRC_1444,non-neoplastic,non-neoplastic,non-neoplastic,2,False,True,True,2026-06-13T18:30:18+00:00,2026-06-13T18:31:59+00:00,31,1,17,14,4,11,0,11,1,1,1,1,101.0,51.0,81.0,10.0,2.5,True,False,False,False
ashish.bansal,3adbcdb8-9fec-4f16-815b-6123baf76942,CRC_2157,low-grade,low-grade,low-grade,2,False,True,True,2026-04-09T13:49:16+00:00,2026-04-09T13:49:24+00:00,10,1,5,5,1,2,0,4,0,0,1,1,8.0,8.0,8.0,5.0,2.81,False,False,False,True
ashish.bansal,3b71832d-a4a8-439b-8eab-17aa5564f316,CRC_2530,low-grade,low-grade,low-grade,3,False,True,True,2026-04-10T09:36:27+00:00,2026-04-10T09:36:51+00:00,31,1,19,12,5,11,0,11,0,0,2,1,24.0,24.0,24.0,5.0,5.0,False,False,False,True
ashish.bansal,3bd11d79-6249-4b68-bfcf-af8dac150392,CRC_3364,high-grade,low-grade,low-grade,2,False,True,False,2026-06-13T19:24:24+00:00,2026-06-13T19:24:41+00:00,15,1,6,9,1,3,0,8,0,0,1,1,17.0,17.0,17.0,5.0,2.5,False,False,False,True
ashish.bansal,3d8d5916-751d-4db9-8971-0753f6ee1585,CRC_0671,non-neoplastic,non-neoplastic,non-neoplastic,2,False,True,True,2026-06-13T19:04:13+00:00,2026-06-13T19:04:35+00:00,25,1,14,11,3,9,0,10,0,0,1,1,22.0,22.0,22.0,5.0,2.5,False,False,False,True
ashish.bansal,4028875b-56ec-43b8-a94c-f531ac3e26c0,CRC_3286,non-neoplastic,non-neoplastic,non-neoplastic,2,False,True,True,2026-06-13T19:23:33+00:00,2026-06-13T19:24:21+00:00,42,1,17,25,5,10,0,24,0,0,1,1,48.0,48.0,48.0,10.0,5.0,True,False,False,False
ashish.bansal,40a3a415-884b-4dfb-9635-27d07d49ead0,CRC_0114,high-grade,low-grade,low-grade,2,False,True,False,2026-06-13T18:51:55+00:00,2026-06-13T18:52:23+00:00,35,1,21,14,7,12,0,13,0,0,1,1,28.0,28.0,28.0,10.0,2.5,True,False,False,False
ashish.bansal,41978a69-00ae-48fd-9fa0-7726e80cd77d,CRC_0919,high-grade,low-grade,low-grade,2,False,True,False,2026-06-13T19:14:20+00:00,2026-06-13T19:19:29+00:00,94,1,27,67,7,18,0,62,2,2,1,1,309.0,127.0,180.0,40.0,5.0,True,True,True,False
ashish.bansal,432d3bad-36b6-4073-9610-280cae86eb43,CRC_1754,high-grade,low-grade,low-grade,1,False,True,False,2026-06-13T18:25:34+00:00,2026-06-13T18:25:42+00:00,8,1,3,5,1,1,0,4,0,0,1,0,8.0,8.0,8.0,2.5,2.5,False,False,False,True
ashish.bansal,4413770b-0035-4e0f-8192-b0d2be232d62,CRC_3044,high-grade,low-grade,low-grade,2,False,True,False,2026-04-09T13:36:04+00:00,2026-04-09T13:36:50+00:00,56,1,33,23,11,20,0,22,0,0,1,1,46.0,46.0,46.0,20.0,5.0,True,True,False,False
ashish.bansal,45640ddb-0c95-4ac6-a79a-387e82e869b9,CRC_3245,non-neoplastic,low-grade,low-grade,2,False,True,False,2026-06-13T18:48:07+00:00,2026-06-13T18:48:41+00:00,33,1,16,17,5,9,0,16,0,0,1,1,34.0,34.0,34.0,5.0,2.5,False,False,False,True
ashish.bansal,4594bbd8-7665-4997-ad06-2d92f9dfdd88,CRC_0391,non-neoplastic,non-neoplastic,non-neoplastic,2,False,True,True,2026-04-09T13:42:36+00:00,2026-04-09T13:43:14+00:00,52,1,33,19,11,20,0,18,0,0,1,1,38.0,38.0,38.0,10.0,2.5,True,False,False,False
ashish.bansal,4661f0a9-a9cf-41f4-a202-ddb54683d2b7,CRC_0492,non-neoplastic,non-neoplastic,non-neoplastic,1,False,True,True,2026-06-13T18:15:27+00:00,2026-06-13T18:17:07+00:00,28,1,6,22,1,4,0,19,1,1,1,0,100.0,39.0,69.0,5.0,2.5,False,False,False,True
ashish.bansal,48b44fb7-cd98-4fb1-9242-3630b29b53a8,CRC_1553,non-neoplastic,non-neoplastic,non-neoplastic,2,False,True,True,2026-06-13T19:10:10+00:00,2026-06-13T19:10:50+00:00,51,1,31,20,8,21,0,19,0,0,1,1,40.0,40.0,40.0,20.0,5.0,True,True,False,False
ashish.bansal,4b20f7b9-0167-446a-b9bc-e0e58e840198,CRC_0155,non-neoplastic,non-neoplastic,non-neoplastic,3,False,True,True,2026-04-10T09:24:34+00:00,2026-04-10T09:25:13+00:00,33,1,13,20,3,7,0,19,0,0,2,1,39.0,39.0,39.0,5.0,2.5,False,False,False,True
ashish.bansal,4c077622-3d64-4e4c-98e0-6bf4a24139ca,CRC_1699,non-neoplastic,non-neoplastic,non-neoplastic,2,False,True,True,2026-06-13T19:00:55+00:00,2026-06-13T19:01:42+00:00,43,1,19,24,5,12,0,23,0,0,1,1,47.0,47.0,47.0,5.0,5.0,False,False,False,True
ashish.bansal,4d12a4a4-7963-4748-9a25-1c4b55f5bb46,CRC_3075,non-neoplastic,non-neoplastic,non-neoplastic,2,False,True,True,2026-06-13T18:22:42+00:00,2026-06-13T18:23:39+00:00,56,1,27,29,9,16,0,28,0,0,1,1,57.0,57.0,57.0,5.0,2.5,False,False,False,True
ashish.bansal,4dcd615e-c09e-492b-96da-575066950efc,CRC_2750,low-grade,low-grade,low-grade,2,False,True,True,2026-06-13T18:23:41+00:00,2026-06-13T18:24:04+00:00,23,1,11,12,3,6,0,11,0,0,1,1,23.0,23.0,23.0,2.5,2.5,False,False,False,True
ashish.bansal,4e125c60-8a34-41a1-8ec2-9db42b52f0ff,CRC_2024,low-grade,low-grade,low-grade,2,False,True,True,2026-06-13T19:02:37+00:00,2026-06-13T19:03:02+00:00,31,1,18,13,4,12,0,12,0,0,1,1,25.0,25.0,25.0,10.0,2.5,True,False,False,False
ashish.bansal,4f358bb9-f6d5-43ed-9c4c-68dfbd12874f,CRC_3445,non-neoplastic,non-neoplastic,non-neoplastic,3,False,True,True,2026-04-10T08:58:49+00:00,2026-04-10T08:59:15+00:00,37,1,23,14,7,13,0,13,0,0,2,1,26.0,26.0,26.0,5.0,2.5,False,False,False,True
ashish.bansal,4fedec63-bf9e-46e0-b0cf-dcbd72d77235,CRC_0844,low-grade,low-grade,low-grade,2,False,True,True,2026-04-09T13:39:24+00:00,2026-04-09T13:40:23+00:00,72,1,42,30,11,19,10,29,0,0,1,1,59.0,59.0,59.0,20.0,5.0,True,True,False,False
ashish.bansal,50d90704-169c-4ee9-af99-d97c9a35f846,CRC_2617,high-grade,high-grade,high-grade,2,False,True,True,2026-06-13T19:05:49+00:00,2026-06-13T19:06:42+00:00,46,1,19,27,5,12,0,26,0,0,1,1,53.0,53.0,53.0,10.0,3.75,True,False,False,False
ashish.bansal,51c212c1-cd1f-4b3d-b2fb-42dbcb34b901,CRC_2126,high-grade,low-grade,low-grade,3,False,True,False,2026-04-10T09:02:43+00:00,2026-04-10T09:03:30+00:00,51,1,27,24,7,17,0,23,0,0,2,1,47.0,47.0,47.0,10.0,2.5,True,False,False,False
ashish.bansal,528664c2-d48d-4076-afe7-841f6f15687f,CRC_2368,high-grade,low-grade,low-grade,2,False,True,False,2026-04-09T13:24:30+00:00,2026-04-09T13:25:28+00:00,51,1,21,30,7,12,0,29,0,0,1,1,58.0,58.0,58.0,5.0,2.5,False,False,False,True
ashish.bansal,52eb3f20-aded-41cd-acb6-43458e497b60,CRC_4050,high-grade,low-grade,low-grade,3,False,True,False,2026-04-10T09:28:17+00:00,2026-04-10T09:28:39+00:00,35,1,24,11,5,16,0,10,0,0,2,1,22.0,22.0,22.0,5.0,2.5,False,False,False,True
ashish.bansal,55ba54b7-3924-46dc-87cd-070bd5e53e6d,CRC_4000,high-grade,high-grade,high-grade,2,False,True,True,2026-04-09T13:50:15+00:00,2026-04-09T13:50:26+00:00,12,1,6,6,2,2,0,5,0,0,1,1,11.0,11.0,11.0,5.0,2.5,False,False,False,True
ashish.bansal,58115d40-d6b3-46d9-99b4-9a4e95fe5973,CRC_1076,high-grade,high-grade,high-grade,2,False,True,True,2026-06-13T18:29:39+00:00,2026-06-13T18:30:16+00:00,52,1,33,19,11,20,0,18,0,0,1,1,37.0,37.0,37.0,10.0,2.5,True,False,False,False
ashish.bansal,58b806ae-172b-4c8c-895b-978468fbc4a5,CRC_2014,high-grade,high-grade,high-grade,3,False,True,True,2026-04-10T09:33:20+00:00,2026-04-10T09:34:30+00:00,83,1,48,35,13,32,0,34,0,0,2,1,70.0,70.0,70.0,20.0,5.0,True,True,False,False
ashish.bansal,5b377ce3-33d5-400a-bc8f-87cdc34cf808,CRC_2238,high-grade,low-grade,low-grade,1,False,True,False,2026-04-09T13:49:53+00:00,2026-04-09T13:50:02+00:00,9,1,4,5,1,2,0,4,0,0,1,0,9.0,9.0,9.0,2.5,2.5,False,False,False,True
ashish.bansal,5b7d1de8-2d32-4365-b8f9-07442456ca53,CRC_4269,high-grade,high-grade,high-grade,1,False,True,True,2026-04-09T13:38:10+00:00,2026-04-09T13:38:44+00:00,40,1,22,18,6,10,5,17,0,0,1,0,34.0,34.0,34.0,5.0,2.5,False,False,False,True
ashish.bansal,5e82bb80-22bd-4b23-b788-1f05c283e579,CRC_1192,high-grade,high-grade,high-grade,2,False,True,True,2026-06-13T19:20:47+00:00,2026-06-13T19:21:27+00:00,41,1,21,20,7,12,0,19,0,0,1,1,40.0,40.0,40.0,5.0,2.5,False,False,False,True
ashish.bansal,5eba4a0a-9e1d-4808-80d9-153e17d21309,CRC_0828,low-grade,non-neoplastic,non-neoplastic,2,False,True,False,2026-04-09T13:46:36+00:00,2026-04-09T13:46:49+00:00,16,1,9,7,2,5,0,6,0,0,1,1,13.0,13.0,13.0,5.0,5.0,False,False,False,True
ashish.bansal,5fbcdd61-37c3-4f52-88be-d5937dfb7ce2,CRC_0632,low-grade,low-grade,low-grade,2,False,True,True,2026-04-09T13:32:02+00:00,2026-04-09T13:32:23+00:00,19,1,8,11,2,4,0,10,0,0,1,1,21.0,21.0,21.0,2.5,2.5,False,False,False,True
ashish.bansal,600bc2a3-347b-45fa-930b-dafc0b76480b,CRC_2442,low-grade,low-grade,low-grade,3,False,True,True,2026-04-10T09:31:18+00:00,2026-04-10T09:31:41+00:00,33,1,21,12,6,12,0,11,0,0,2,1,23.0,23.0,23.0,2.5,2.5,False,False,False,True
ashish.bansal,6275dcac-4402-4172-abee-6f1ae579dc03,CRC_1119,high-grade,low-grade,low-grade,3,False,True,False,2026-04-10T09:03:32+00:00,2026-04-10T09:03:47+00:00,16,1,8,8,2,3,0,7,0,0,2,1,15.0,15.0,15.0,2.5,2.5,False,False,False,True
ashish.bansal,63788bb7-ea93-41a3-8d7c-d6917f669df5,CRC_2490,low-grade,,,0,False,False,False,2026-06-13T19:27:46+00:00,2026-06-13T19:28:16+00:00,8,1,0,8,0,0,0,6,1,0,0,0,30.0,30.0,30.0,0.63,0.63,False,False,False,True
ashish.bansal,639a0928-d593-4895-9a73-7389e86d907d,CRC_3127,non-neoplastic,low-grade,low-grade,2,False,True,False,2026-06-13T19:04:59+00:00,2026-06-13T19:05:26+00:00,26,1,12,14,4,6,0,13,0,0,1,1,27.0,27.0,27.0,5.0,2.5,False,False,False,True
ashish.bansal,64e9379e-1003-4454-8c6e-207318923baa,CRC_2629,high-grade,low-grade,low-grade,2,False,True,False,2026-04-09T13:26:17+00:00,2026-04-09T13:26:37+00:00,15,1,5,10,1,2,0,9,0,0,1,1,20.0,20.0,20.0,2.5,2.5,False,False,False,True
ashish.bansal,65934cac-1562-4d4f-94c8-7a8dbf3cbc43,CRC_2945,non-neoplastic,non-neoplastic,non-neoplastic,3,False,True,True,2026-04-10T09:19:07+00:00,2026-04-10T09:20:21+00:00,78,1,41,37,13,25,0,36,0,0,2,1,74.0,74.0,74.0,20.0,2.5,True,True,False,False
ashish.bansal,671a026b-e74f-4f97-8e45-bfeb485fbe41,CRC_2714,low-grade,non-neoplastic,non-neoplastic,3,False,True,False,2026-04-10T09:11:02+00:00,2026-04-10T09:11:26+00:00,37,1,25,12,6,16,0,11,0,0,2,1,24.0,24.0,24.0,5.0,2.5,False,False,False,True
ashish.bansal,6887e40f-f35a-42a4-8edf-58e2a37d995e,CRC_4048,low-grade,low-grade,low-grade,2,False,True,True,2026-06-13T19:24:46+00:00,2026-06-13T19:25:33+00:00,43,1,17,26,4,11,0,23,1,1,1,1,47.0,47.0,47.0,10.0,2.5,True,False,False,False
ashish.bansal,70863cc2-6d05-494e-95f1-61879877554a,CRC_0123,high-grade,low-grade,low-grade,2,False,True,False,2026-04-09T13:28:24+00:00,2026-04-09T13:29:09+00:00,59,1,36,23,9,25,0,22,0,0,1,1,45.0,45.0,45.0,20.0,5.0,True,True,False,False
ashish.bansal,71118e06-9a7e-48c9-8619-97a141daaac9,CRC_1615,non-neoplastic,low-grade,low-grade,3,False,True,False,2026-04-10T09:00:07+00:00,2026-04-10T09:00:45+00:00,28,1,8,20,2,3,0,19,0,0,2,1,38.0,38.0,38.0,2.5,2.5,False,False,False,True
ashish.bansal,71ea85fe-ab10-44a1-aa10-0d8aa55960a2,CRC_2450,non-neoplastic,non-neoplastic,non-neoplastic,2,False,True,True,2026-06-13T18:25:14+00:00,2026-06-13T18:25:32+00:00,19,1,10,9,3,5,0,8,0,0,1,1,18.0,18.0,18.0,2.5,2.5,False,False,False,True
ashish.bansal,731f47b2-c48a-437e-8001-2d2bdf921a8d,CRC_1330,high-grade,high-grade,high-grade,2,False,True,True,2026-06-13T18:49:34+00:00,2026-06-13T18:50:21+00:00,42,1,18,24,4,12,0,23,0,0,1,1,47.0,47.0,47.0,5.0,2.5,False,False,False,True
ashish.bansal,75fc4884-87f9-4b3e-bd7d-65e286e35603,CRC_0183,low-grade,low-grade,low-grade,3,False,True,True,2026-04-10T09:36:08+00:00,2026-04-10T09:36:24+00:00,22,1,13,9,3,5,2,8,0,0,2,1,16.0,16.0,16.0,5.0,5.0,False,False,False,True
ashish.bansal,76582c8b-d44a-47cd-b689-2b9bc2ae9fc6,CRC_4312,low-grade,non-neoplastic,non-neoplastic,1,False,True,False,2026-06-13T18:54:57+00:00,2026-06-13T18:56:18+00:00,68,1,26,42,8,17,0,40,1,0,1,0,81.0,81.0,81.0,20.0,10.0,True,True,False,False
ashish.bansal,77c2b542-36cd-4a76-9765-2a9098cc7b9d,CRC_3014,low-grade,low-grade,low-grade,2,False,True,True,2026-06-13T19:23:02+00:00,2026-06-13T19:23:30+00:00,41,1,26,15,9,15,0,14,0,0,1,1,28.0,28.0,28.0,10.0,5.0,True,False,False,False
ashish.bansal,7c093058-03ee-4e85-a6e1-d2feb909c855,CRC_1742,high-grade,high-grade,high-grade,3,False,True,True,2026-04-10T09:35:29+00:00,2026-04-10T09:36:05+00:00,59,1,41,18,10,26,2,17,0,0,2,1,36.0,36.0,36.0,20.0,5.0,True,True,False,False
ashish.bansal,7c582ffb-aa8f-43b5-afe5-6a443f323323,CRC_3767,non-neoplastic,low-grade,low-grade,2,False,True,False,2026-04-10T09:16:02+00:00,2026-04-10T09:17:17+00:00,83,1,45,38,14,25,4,37,0,0,2,0,75.0,75.0,75.0,20.0,5.0,True,True,False,False
ashish.bansal,7ccc6d98-c15e-498f-a11e-f8bf5dd6e28a,CRC_2854,non-neoplastic,non-neoplastic,non-neoplastic,2,False,True,True,2026-04-09T13:43:45+00:00,2026-04-09T13:44:07+00:00,27,1,16,11,5,9,0,10,0,0,1,1,22.0,22.0,22.0,5.0,2.5,False,False,False,True
ashish.bansal,7d83d435-9a0c-42ee-bb6d-98315ec08854,CRC_0885,non-neoplastic,non-neoplastic,non-neoplastic,2,False,True,True,2026-06-13T18:50:24+00:00,2026-06-13T18:51:03+00:00,37,1,17,20,5,10,0,19,0,0,1,1,39.0,39.0,39.0,5.0,2.5,False,False,False,True
ashish.bansal,7dd005c2-f5bc-4bae-8733-51194168ad74,CRC_2684,low-grade,low-grade,low-grade,3,False,True,True,2026-04-10T09:10:41+00:00,2026-04-10T09:11:00+00:00,21,1,11,10,2,6,0,9,0,0,2,1,19.0,19.0,19.0,5.0,2.5,False,False,False,True
ashish.bansal,8031eb43-a866-49d1-a631-8ae66d168861,CRC_0572,high-grade,low-grade,low-grade,2,False,True,False,2026-04-09T13:38:47+00:00,2026-04-09T13:39:21+00:00,36,1,19,17,6,11,0,16,0,0,1,1,34.0,34.0,34.0,10.0,2.5,True,False,False,False
ashish.bansal,83eddc3b-2dc6-4966-ac23-ad8cf7a35d2e,CRC_3918,low-grade,non-neoplastic,non-neoplastic,2,False,True,False,2026-04-09T13:32:45+00:00,2026-04-09T13:35:07+00:00,91,1,46,45,15,28,1,42,1,1,1,1,142.0,84.0,114.0,10.0,2.5,True,False,False,False
ashish.bansal,84ea828f-43d9-4052-92fc-959cff4bd878,CRC_3607,non-neoplastic,non-neoplastic,non-neoplastic,2,False,True,True,2026-06-13T19:05:28+00:00,2026-06-13T19:05:46+00:00,27,1,17,10,4,11,0,9,0,0,1,1,18.0,18.0,18.0,5.0,2.5,False,False,False,True
ashish.bansal,8800ed39-d18b-422b-a85e-b1534652f88d,CRC_2646,low-grade,low-grade,low-grade,3,False,True,True,2026-04-10T09:31:44+00:00,2026-04-10T09:32:43+00:00,62,1,32,30,10,19,0,29,0,0,2,1,59.0,59.0,59.0,10.0,2.5,True,False,False,False
ashish.bansal,894088a2-ae2e-408a-ad21-ed3e22490421,CRC_0937,low-grade,low-grade,low-grade,2,False,True,True,2026-06-13T19:20:02+00:00,2026-06-13T19:20:42+00:00,43,1,23,20,8,13,0,19,0,0,1,1,40.0,40.0,40.0,10.0,2.5,True,False,False,False
ashish.bansal,8943912c-740a-48fc-9cfd-80077f9b0149,CRC_0702,non-neoplastic,non-neoplastic,non-neoplastic,2,False,True,True,2026-04-09T13:19:25+00:00,2026-04-09T13:23:38+00:00,215,1,101,114,23,43,33,107,2,2,1,1,253.0,218.0,253.0,40.0,5.0,True,True,True,False
ashish.bansal,895b0920-9bcf-4bb2-946b-d1ab9ba23a3a,CRC_2722,high-grade,high-grade,high-grade,3,False,True,True,2026-04-10T09:34:33+00:00,2026-04-10T09:35:26+00:00,63,1,36,27,12,21,0,26,0,0,2,1,53.0,53.0,53.0,10.0,2.5,True,False,False,False
ashish.bansal,89783caa-f5f1-4d12-b2f6-501df93dc76a,CRC_2183,low-grade,low-grade,low-grade,2,False,True,True,2026-06-13T18:32:01+00:00,2026-06-13T18:32:28+00:00,35,1,21,14,5,14,0,13,0,0,1,1,27.0,27.0,27.0,10.0,2.5,True,False,False,False
ashish.bansal,8c527e99-9b7d-49bf-91ee-d1d0ec0e5339,CRC_2773,low-grade,non-neoplastic,non-neoplastic,2,False,True,False,2026-04-09T13:42:15+00:00,2026-04-09T13:42:34+00:00,28,1,18,10,6,10,0,9,0,0,1,1,19.0,19.0,19.0,5.0,2.5,False,False,False,True
ashish.bansal,925ee53a-92a6-4989-b177-65ba896dbd10,CRC_2538,low-grade,low-grade,low-grade,2,False,True,True,2026-04-10T09:24:16+00:00,2026-04-10T09:24:30+00:00,28,1,20,8,7,11,0,7,0,0,2,0,14.0,14.0,14.0,10.0,2.5,True,False,False,False
ashish.bansal,93d828ec-2ba7-435c-bec9-91a18d11915d,CRC_0720,high-grade,high-grade,high-grade,1,False,True,True,2026-06-13T18:51:37+00:00,2026-06-13T18:51:51+00:00,12,1,4,8,1,2,0,7,0,0,1,0,14.0,14.0,14.0,5.0,5.0,False,False,False,True
ashish.bansal,94061015-7aee-4d1b-b95a-c4cb6306781c,CRC_3670,high-grade,high-grade,high-grade,2,False,True,True,2026-06-13T18:47:10+00:00,2026-06-13T18:48:04+00:00,63,1,35,28,9,24,0,27,0,0,1,1,54.0,54.0,54.0,10.0,2.5,True,False,False,False
ashish.bansal,95b981e7-3a66-4ed9-b15a-7e6588b71581,CRC_3857,high-grade,low-grade,low-grade,2,False,True,False,2026-04-09T13:42:05+00:00,2026-04-09T13:42:13+00:00,8,1,4,4,1,1,0,3,0,0,1,1,8.0,8.0,8.0,5.0,5.0,False,False,False,True
ashish.bansal,960ac8c8-2e25-435a-b57f-fb1acd33ba6e,CRC_2291,non-neoplastic,low-grade,low-grade,3,False,True,False,2026-04-10T09:26:45+00:00,2026-04-10T09:27:00+00:00,19,1,11,8,3,5,0,7,0,0,2,1,15.0,15.0,15.0,2.5,2.5,False,False,False,True
ashish.bansal,96a165ff-62a7-482f-a118-28598f88d51d,CRC_2485,low-grade,non-neoplastic,non-neoplastic,3,False,True,False,2026-04-10T09:23:10+00:00,2026-04-10T09:23:37+00:00,34,1,20,14,6,11,0,13,0,0,2,1,27.0,27.0,27.0,2.5,2.5,False,False,False,True
ashish.bansal,995dcf40-8fc5-4da6-ab28-57fca89af5e6,CRC_2105,high-grade,high-grade,high-grade,2,False,True,True,2026-04-10T09:20:24+00:00,2026-04-10T09:21:39+00:00,76,1,38,38,11,25,0,37,0,0,2,0,75.0,75.0,75.0,20.0,5.0,True,True,False,False
ashish.bansal,9b2212a7-2fd7-4155-bedc-54708c207ef9,CRC_2472,low-grade,low-grade,low-grade,2,False,True,True,2026-06-13T18:17:42+00:00,2026-06-13T18:18:16+00:00,26,1,14,12,4,8,0,11,0,0,1,1,34.0,34.0,34.0,5.0,2.5,False,False,False,True
ashish.bansal,9c73ba87-ef68-447f-bd6b-52b450db2327,CRC_3058,low-grade,non-neoplastic,non-neoplastic,2,False,True,False,2026-06-13T18:37:43+00:00,2026-06-13T18:38:07+00:00,23,1,11,12,3,6,0,11,0,0,1,1,24.0,24.0,24.0,2.5,2.5,False,False,False,True
ashish.bansal,9caeec1b-38c3-46c7-8cd1-94d6cb5aa9bf,CRC_0707,non-neoplastic,non-neoplastic,non-neoplastic,3,False,True,True,2026-04-10T09:00:48+00:00,2026-04-10T09:01:16+00:00,43,1,28,15,7,18,0,14,0,0,2,1,28.0,28.0,28.0,10.0,5.0,True,False,False,False
ashish.bansal,9ce1fc9c-5d38-4b3b-924e-272b459332a7,CRC_4349,low-grade,low-grade,low-grade,2,False,True,True,2026-04-09T13:48:03+00:00,2026-04-09T13:48:16+00:00,19,1,12,7,4,6,0,6,0,0,1,1,13.0,13.0,13.0,5.0,5.0,False,False,False,True
ashish.bansal,9dc79f72-0102-479d-9535-91a76b48af48,CRC_1837,high-grade,low-grade,low-grade,2,False,True,False,2026-06-13T18:39:14+00:00,2026-06-13T18:39:56+00:00,42,1,20,22,6,12,0,21,0,0,1,1,42.0,42.0,42.0,2.5,2.5,False,False,False,True
ashish.bansal,9e6e2da1-3277-4a02-bad6-c664b3f85f70,CRC_3680,low-grade,low-grade,low-grade,1,False,True,True,2026-06-13T19:26:22+00:00,2026-06-13T19:26:46+00:00,19,1,6,13,1,4,0,12,0,0,1,0,24.0,24.0,24.0,5.0,2.5,False,False,False,True
ashish.bansal,a1a9994b-6632-45dc-a8cc-b5a6ea97d589,CRC_2979,low-grade,low-grade,low-grade,3,False,True,True,2026-04-10T09:23:40+00:00,2026-04-10T09:24:13+00:00,32,1,15,17,4,8,0,16,0,0,2,1,33.0,33.0,33.0,2.5,2.5,False,False,False,True
ashish.bansal,aa937d0a-fd79-40af-bd1a-89d28b3f02d7,CRC_3039,high-grade,high-grade,high-grade,3,False,True,True,2026-04-10T09:15:11+00:00,2026-04-10T09:16:00+00:00,33,1,10,23,3,4,0,20,1,1,2,1,49.0,40.0,49.0,5.0,0.63,False,False,False,True
ashish.bansal,aad4ae1e-861b-4ca3-a816-825fe9972c2c,CRC_4013,low-grade,low-grade,low-grade,2,False,True,True,2026-06-13T18:54:21+00:00,2026-06-13T18:54:54+00:00,35,1,18,17,4,12,0,16,0,0,1,1,33.0,33.0,33.0,5.0,2.5,False,False,False,True
ashish.bansal,ae892ab5-9e96-419b-95e0-0604b290bfc3,CRC_3351,high-grade,low-grade,low-grade,2,False,True,False,2026-04-09T13:50:52+00:00,2026-04-09T13:51:15+00:00,28,1,16,12,5,9,0,11,0,0,1,1,23.0,23.0,23.0,5.0,2.5,False,False,False,True
ashish.bansal,b2302437-b1ed-4730-a210-6cca287e032e,CRC_0374,high-grade,low-grade,low-grade,3,False,True,False,2026-04-10T09:29:55+00:00,2026-04-10T09:30:26+00:00,32,1,16,16,4,9,0,15,0,0,2,1,31.0,31.0,31.0,10.0,5.0,True,False,False,False
ashish.bansal,b34577d5-25c4-450e-88e2-8ec89a3aa5e7,CRC_2870,high-grade,low-grade,low-grade,3,False,True,False,2026-04-10T09:01:19+00:00,2026-04-10T09:01:48+00:00,32,1,17,15,4,10,0,14,0,0,2,1,29.0,29.0,29.0,10.0,3.75,True,False,False,False
ashish.bansal,b5e5cc2a-efbe-4c22-aa0e-133a5ef64f10,CRC_3771,low-grade,low-grade,low-grade,2,False,True,True,2026-04-09T13:49:26+00:00,2026-04-09T13:49:38+00:00,14,1,8,6,1,3,2,5,0,0,1,1,12.0,12.0,12.0,5.0,2.5,False,False,False,True
ashish.bansal,b7c88fa0-dc1b-4a62-824a-bd34e6399a74,CRC_3423,high-grade,low-grade,low-grade,1,False,True,False,2026-06-13T18:17:18+00:00,2026-06-13T18:17:38+00:00,22,1,12,10,4,7,0,9,0,0,1,0,20.0,20.0,20.0,2.5,2.5,False,False,False,True
ashish.bansal,b853e1f9-a336-4f78-8675-0068544cbb3e,CRC_2950,low-grade,low-grade,low-grade,2,False,True,True,2026-06-13T19:12:10+00:00,2026-06-13T19:12:34+00:00,34,1,22,12,7,13,0,11,0,0,1,1,24.0,24.0,24.0,5.0,2.5,False,False,False,True
ashish.bansal,b8dd416c-aad3-4e89-8e5f-0a05a0bf8dc6,CRC_1906,non-neoplastic,non-neoplastic,non-neoplastic,3,False,True,True,2026-04-10T09:08:33+00:00,2026-04-10T09:10:14+00:00,78,1,32,46,9,20,0,43,1,1,2,1,101.0,86.0,101.0,10.0,5.0,True,False,False,False
ashish.bansal,b95847b5-5dc9-4678-bf0d-3c9430a3cb96,CRC_2634,high-grade,low-grade,low-grade,2,False,True,False,2026-04-09T13:25:31+00:00,2026-04-09T13:26:14+00:00,46,1,24,22,8,14,0,21,0,0,1,1,43.0,43.0,43.0,10.0,2.5,True,False,False,False
ashish.bansal,b9fb1de3-2774-49cd-b3f4-3da8526d11f8,CRC_0133,non-neoplastic,non-neoplastic,non-neoplastic,2,False,True,True,2026-04-10T09:17:20+00:00,2026-04-10T09:17:39+00:00,23,1,13,10,3,8,0,9,0,0,2,0,19.0,19.0,19.0,5.0,2.5,False,False,False,True
ashish.bansal,bc71f6d9-da35-437b-857b-98fb13963075,CRC_0510,non-neoplastic,non-neoplastic,non-neoplastic,2,False,True,True,2026-06-13T19:01:44+00:00,2026-06-13T19:02:05+00:00,24,1,13,11,3,8,0,10,0,0,1,1,21.0,21.0,21.0,5.0,5.0,False,False,False,True
ashish.bansal,bda691f0-773e-4de3-a970-8b03b3797341,CRC_0457,non-neoplastic,non-neoplastic,non-neoplastic,2,False,True,True,2026-04-09T13:37:37+00:00,2026-04-09T13:38:07+00:00,32,1,17,15,5,8,2,14,0,0,1,1,30.0,30.0,30.0,10.0,5.0,True,False,False,False
ashish.bansal,c32a9705-d53d-4f5c-bdda-48d54e123897,CRC_4245,non-neoplastic,non-neoplastic,non-neoplastic,2,False,True,True,2026-06-13T18:56:25+00:00,2026-06-13T18:56:49+00:00,26,1,14,12,4,8,0,11,0,0,1,1,24.0,24.0,24.0,2.5,2.5,False,False,False,True
ashish.bansal,c43ee31b-8373-4fe1-ac2d-489197075bed,CRC_2611,low-grade,low-grade,low-grade,2,False,True,True,2026-04-09T13:32:26+00:00,2026-04-09T13:32:42+00:00,15,1,6,9,2,2,0,8,0,0,1,1,16.0,16.0,16.0,5.0,2.5,False,False,False,True
ashish.bansal,c74e7d50-a099-4f18-9e68-1dba7d8c3178,CRC_3122,low-grade,low-grade,low-grade,2,False,True,True,2026-04-09T13:29:37+00:00,2026-04-09T13:29:59+00:00,26,1,14,12,3,9,0,11,0,0,1,1,22.0,22.0,22.0,10.0,2.5,True,False,False,False
ashish.bansal,c762ba51-c61b-449d-9bff-9dfa90606393,CRC_1513,low-grade,low-grade,low-grade,2,False,True,True,2026-06-13T19:27:13+00:00,2026-06-13T19:27:41+00:00,36,1,22,14,5,15,0,13,0,0,1,1,28.0,28.0,28.0,5.0,2.5,False,False,False,True
ashish.bansal,c7d3cb0c-355e-4cb9-9339-2c3db7eace56,CRC_1529,low-grade,non-neoplastic,non-neoplastic,1,False,True,False,2026-04-09T13:41:01+00:00,2026-04-09T13:41:30+00:00,36,1,21,15,7,13,0,14,0,0,1,0,29.0,29.0,29.0,10.0,2.5,True,False,False,False
ashish.bansal,c8d3b532-409a-4f1d-9c7a-24938a03f314,CRC_2563,high-grade,low-grade,low-grade,1,False,True,False,2026-06-13T18:26:26+00:00,2026-06-13T18:29:36+00:00,71,1,30,41,7,22,0,38,1,1,1,0,190.0,106.0,136.0,10.0,2.5,True,False,False,False
ashish.bansal,c919eb47-71a8-4ef5-baf6-5d917011b268,CRC_1979,high-grade,low-grade,low-grade,2,False,True,False,2026-04-09T13:31:29+00:00,2026-04-09T13:32:00+00:00,34,1,18,16,2,2,12,15,0,0,1,1,31.0,31.0,31.0,5.0,5.0,False,False,False,True
ashish.bansal,ca2913b9-898a-4208-8bed-545e7f66f367,CRC_3470,high-grade,high-grade,high-grade,2,False,True,True,2026-06-13T18:56:57+00:00,2026-06-13T18:57:04+00:00,8,1,4,4,1,1,0,3,0,0,1,1,7.0,7.0,7.0,5.0,5.0,False,False,False,True
ashish.bansal,cd6ca16e-6e6a-4434-baaa-288651cec3b4,CRC_1568,low-grade,low-grade,low-grade,2,False,True,True,2026-06-13T18:17:11+00:00,2026-06-13T18:17:15+00:00,5,1,2,3,0,0,0,2,0,0,1,1,4.0,4.0,4.0,0.63,0.63,False,False,False,True
ashish.bansal,cd90526f-1ace-410f-99fa-3aa5ad4d7b8b,CRC_2935,non-neoplastic,non-neoplastic,non-neoplastic,3,False,True,True,2026-04-10T09:01:51+00:00,2026-04-10T09:02:41+00:00,69,1,44,25,14,27,0,24,0,0,2,1,50.0,50.0,50.0,5.0,2.5,False,False,False,True
ashish.bansal,cde70245-3572-4bba-bd77-d62dfab99321,CRC_3947,low-grade,non-neoplastic,non-neoplastic,2,False,True,False,2026-06-13T18:45:02+00:00,2026-06-13T18:46:38+00:00,101,1,52,49,17,33,0,48,0,0,1,1,96.0,96.0,96.0,20.0,2.5,True,True,False,False
ashish.bansal,ce3c0e10-2cb4-415d-8ba1-1593a18f4060,CRC_2088,high-grade,low-grade,low-grade,3,False,True,False,2026-04-10T09:10:17+00:00,2026-04-10T09:10:37+00:00,24,1,13,11,3,7,0,10,0,0,2,1,20.0,20.0,20.0,5.0,5.0,False,False,False,True
ashish.bansal,cf78200b-ea28-4a68-8454-4fa4f259ea25,CRC_2331,low-grade,low-grade,low-grade,2,False,True,True,2026-06-13T18:52:26+00:00,2026-06-13T18:54:18+00:00,41,1,14,27,4,8,0,24,1,1,1,1,112.0,49.0,79.0,2.5,2.5,False,False,False,True
ashish.bansal,d0f13f04-d571-4554-9fb6-7b6e716655bf,CRC_3931,low-grade,low-grade,low-grade,3,False,True,True,2026-04-10T09:32:45+00:00,2026-04-10T09:33:17+00:00,43,1,27,16,8,16,0,15,0,0,2,1,32.0,32.0,32.0,2.5,2.5,False,False,False,True
ashish.bansal,d103490f-09a3-499d-a399-dfa113e95366,CRC_1917,low-grade,low-grade,low-grade,2,False,True,True,2026-04-09T13:30:53+00:00,2026-04-09T13:31:26+00:00,24,1,7,17,2,3,0,16,0,0,1,1,33.0,33.0,33.0,2.5,2.5,False,False,False,True
ashish.bansal,d166f44a-9470-4a1a-b6b3-af3e80a70880,CRC_2721,high-grade,low-grade,low-grade,2,False,True,False,2026-06-13T18:57:25+00:00,2026-06-13T18:58:07+00:00,47,1,26,21,9,15,0,20,0,0,1,1,42.0,42.0,42.0,10.0,2.5,True,False,False,False
ashish.bansal,d2531c94-e0fb-45c7-a91a-8561705c507e,CRC_1095,high-grade,low-grade,low-grade,1,False,True,False,2026-06-13T18:58:09+00:00,2026-06-13T18:59:53+00:00,45,1,15,30,5,9,0,27,1,1,1,0,104.0,55.0,85.0,2.5,2.5,False,False,False,True
ashish.bansal,d4c7c87a-94e1-40e8-ba91-995766cb52a4,CRC_1524,low-grade,non-neoplastic,non-neoplastic,2,False,True,False,2026-06-13T18:59:57+00:00,2026-06-13T19:00:16+00:00,27,1,17,10,5,10,0,9,0,0,1,1,19.0,19.0,19.0,2.5,2.5,False,False,False,True
ashish.bansal,d530ae1e-a2d6-4d4c-b49b-69489917467a,CRC_0771,non-neoplastic,non-neoplastic,non-neoplastic,3,False,True,True,2026-04-10T09:30:28+00:00,2026-04-10T09:30:58+00:00,44,1,29,15,9,17,0,14,0,0,2,1,30.0,30.0,30.0,2.5,2.5,False,False,False,True
ashish.bansal,d6375132-358f-4332-aaba-6e90af1caad9,CRC_3789,high-grade,high-grade,high-grade,2,False,True,True,2026-04-09T13:41:34+00:00,2026-04-09T13:42:03+00:00,30,1,15,15,5,8,0,14,0,0,1,1,29.0,29.0,29.0,10.0,2.5,True,False,False,False
ashish.bansal,d8167547-86c6-4647-9df7-d4700c667784,CRC_1186,high-grade,low-grade,low-grade,3,False,True,False,2026-04-10T09:03:50+00:00,2026-04-10T09:04:25+00:00,37,1,19,18,4,12,0,17,0,0,2,1,35.0,35.0,35.0,5.0,2.5,False,False,False,True
ashish.bansal,dad0b801-036a-4868-b46a-5423ec28ce00,CRC_3623,low-grade,low-grade,low-grade,2,False,True,True,2026-06-13T19:13:26+00:00,2026-06-13T19:14:16+00:00,63,1,38,25,9,27,0,24,0,0,1,1,50.0,50.0,50.0,5.0,2.5,False,False,False,True
ashish.bansal,dc477eca-0e6d-44ab-b1de-209e4c358414,CRC_0695,non-neoplastic,non-neoplastic,non-neoplastic,2,False,True,True,2026-06-13T19:09:46+00:00,2026-06-13T19:10:08+00:00,30,1,19,11,6,11,0,10,0,0,1,1,22.0,22.0,22.0,10.0,2.5,True,False,False,False
ashish.bansal,dc665cba-6730-411c-b64d-a9ec9f88fb8a,CRC_0308,non-neoplastic,non-neoplastic,non-neoplastic,1,False,True,True,2026-04-09T13:50:29+00:00,2026-04-09T13:50:48+00:00,34,1,24,10,8,15,0,9,0,0,1,0,19.0,19.0,19.0,2.5,2.5,False,False,False,True
ashish.bansal,dd2cc0f1-dd3a-4603-acdf-d7d81b9320f9,CRC_1265,high-grade,high-grade,high-grade,2,False,True,True,2026-06-13T18:18:19+00:00,2026-06-13T18:22:02+00:00,35,1,11,24,4,5,0,21,1,1,1,1,223.0,42.0,72.0,10.0,0.63,True,False,False,False
ashish.bansal,dec2a6be-dc4f-40e4-87d0-8e327ac20043,CRC_2003,high-grade,low-grade,low-grade,3,False,True,False,2026-04-10T08:59:18+00:00,2026-04-10T08:59:46+00:00,32,1,18,14,4,11,0,13,0,0,2,1,28.0,28.0,28.0,10.0,5.0,True,False,False,False
ashish.bansal,e27cb5cd-0543-4846-bc5e-0d8c53206bd6,CRC_0100,low-grade,low-grade,low-grade,2,False,True,True,2026-04-09T13:35:33+00:00,2026-04-09T13:36:01+00:00,44,1,29,15,10,17,0,14,0,0,1,1,28.0,28.0,28.0,20.0,5.0,True,True,False,False
ashish.bansal,e2f0000e-9925-49fe-aae4-63952b9cb0af,CRC_4043,high-grade,high-grade,high-grade,2,False,True,True,2026-06-13T18:38:50+00:00,2026-06-13T18:39:11+00:00,20,1,9,11,2,5,0,10,0,0,1,1,21.0,21.0,21.0,5.0,3.75,False,False,False,True
ashish.bansal,e3f440e1-b669-4235-825e-bf363ebd1d96,CRC_3712,high-grade,low-grade,low-grade,2,False,True,False,2026-06-13T18:25:47+00:00,2026-06-13T18:25:58+00:00,8,1,2,6,0,0,0,5,0,0,1,1,11.0,11.0,11.0,0.63,0.63,False,False,False,True
ashish.bansal,e4b66879-a271-40dd-8d79-171d8e50d65f,CRC_2963,non-neoplastic,non-neoplastic,non-neoplastic,2,False,True,True,2026-06-13T18:24:07+00:00,2026-06-13T18:24:30+00:00,31,1,19,12,6,11,0,11,0,0,1,1,23.0,23.0,23.0,5.0,2.5,False,False,False,True
ashish.bansal,e9c4572d-1b7a-4ddc-81b9-057d25812f41,CRC_1468,low-grade,low-grade,low-grade,2,False,True,True,2026-04-09T13:50:06+00:00,2026-04-09T13:50:12+00:00,10,1,6,4,2,2,0,3,0,0,1,1,6.0,6.0,6.0,5.0,3.75,False,False,False,True
ashish.bansal,ea0be166-84c4-4ca1-81c8-4a158a950fe7,CRC_0824,non-neoplastic,non-neoplastic,non-neoplastic,2,False,True,True,2026-06-13T18:24:33+00:00,2026-06-13T18:24:44+00:00,8,1,2,6,0,0,0,5,0,0,1,1,11.0,11.0,11.0,0.63,0.63,False,False,False,True
ashish.bansal,ea894abf-6d89-4fcc-ac5e-2e2bed4ae1c4,CRC_4357,low-grade,low-grade,low-grade,2,False,True,True,2026-06-13T19:10:53+00:00,2026-06-13T19:11:37+00:00,59,1,36,23,12,22,0,22,0,0,1,1,44.0,44.0,44.0,40.0,2.5,True,True,True,False
ashish.bansal,eab8002c-4316-4c13-b38b-2beef0abeb54,CRC_3200,low-grade,low-grade,low-grade,2,False,True,True,2026-06-13T19:11:40+00:00,2026-06-13T19:12:07+00:00,31,1,17,14,6,9,0,13,0,0,1,1,27.0,27.0,27.0,10.0,2.5,True,False,False,False
ashish.bansal,ec39a322-c5b4-47c2-8348-9e89cf2929ff,CRC_0860,low-grade,low-grade,low-grade,2,False,True,True,2026-04-10T09:11:29+00:00,2026-04-10T09:15:08+00:00,61,1,26,35,8,16,0,32,1,1,2,0,219.0,64.0,94.0,10.0,2.5,True,False,False,False
ashish.bansal,ecac97f7-1bbd-44aa-8ce4-c7527cd5763a,CRC_0740,non-neoplastic,non-neoplastic,non-neoplastic,2,False,True,True,2026-04-09T13:36:52+00:00,2026-04-09T13:37:34+00:00,51,1,30,21,6,10,12,20,0,0,1,1,42.0,42.0,42.0,20.0,2.5,True,True,False,False
ashish.bansal,ee823f4b-09f4-4645-8c05-a75f2fb2859a,CRC_4062,low-grade,low-grade,low-grade,2,False,True,True,2026-06-13T18:57:07+00:00,2026-06-13T18:57:23+00:00,17,1,8,9,2,4,0,8,0,0,1,1,16.0,16.0,16.0,2.5,2.5,False,False,False,True
ashish.bansal,eef0a970-b2ae-4f9b-99de-53677dc83464,CRC_4303,high-grade,low-grade,low-grade,2,False,True,False,2026-04-09T13:48:18+00:00,2026-04-09T13:49:13+00:00,36,1,17,19,4,8,3,18,0,0,1,1,55.0,55.0,55.0,10.0,2.5,True,False,False,False
ashish.bansal,f0234291-ec38-4c03-99ba-3832baf18556,CRC_3071,non-neoplastic,non-neoplastic,non-neoplastic,3,False,True,True,2026-04-10T09:17:43+00:00,2026-04-10T09:19:04+00:00,48,1,20,28,6,11,0,25,1,1,2,1,81.0,51.0,81.0,10.0,2.5,True,False,False,False
ashish.bansal,f3e2e5a5-e4d9-44d0-a700-02fced6866d1,CRC_2944,low-grade,non-neoplastic,non-neoplastic,1,False,True,False,2026-06-13T18:38:11+00:00,2026-06-13T18:38:46+00:00,33,1,15,18,4,10,0,17,0,0,1,0,35.0,35.0,35.0,5.0,5.0,False,False,False,True
ashish.bansal,f41c06f2-d8ee-43e3-b533-6381b9bde7b2,CRC_0018,high-grade,low-grade,low-grade,2,False,True,False,2026-06-12T11:48:20+00:00,2026-06-13T18:14:29+00:00,147,2,83,64,10,18,24,60,0,0,1,1,109569.0,121.0,121.0,20.0,10.0,True,True,False,False
ashish.bansal,f71d1d56-95be-409e-8adc-9a27026b2ff9,CRC_4263,non-neoplastic,non-neoplastic,non-neoplastic,2,False,True,True,2026-06-13T19:02:11+00:00,2026-06-13T19:02:34+00:00,34,1,22,12,7,13,0,11,0,0,1,1,23.0,23.0,23.0,2.5,2.5,False,False,False,True
ashish.bansal,f7c3ab8f-f0d8-47e1-905f-c56eae22cf41,CRC_1353,low-grade,low-grade,low-grade,2,False,True,True,2026-06-13T19:09:23+00:00,2026-06-13T19:09:43+00:00,28,1,18,10,4,12,0,9,0,0,1,1,20.0,20.0,20.0,5.0,2.5,False,False,False,True
ashish.bansal,f81f47b0-31a6-4e46-b7a6-d5921335d50b,CRC_0925,high-grade,low-grade,low-grade,2,False,True,False,2026-04-09T13:43:16+00:00,2026-04-09T13:43:43+00:00,29,1,15,14,3,10,0,13,0,0,1,1,27.0,27.0,27.0,5.0,2.5,False,False,False,True
ashish.bansal,f9d5aadd-d6f3-47b9-99f0-ceade65ffef0,CRC_3478,low-grade,low-grade,low-grade,2,False,True,True,2026-04-09T13:45:05+00:00,2026-04-09T13:45:21+00:00,19,1,10,9,2,3,3,8,0,0,1,1,16.0,16.0,16.0,5.0,2.5,False,False,False,True
ashish.bansal,fb4b51a0-ab6b-4ac8-ba5b-1e68f8f97345,CRC_1531,non-neoplastic,non-neoplastic,non-neoplastic,2,False,True,True,2026-06-13T19:03:05+00:00,2026-06-13T19:03:43+00:00,31,1,11,20,3,6,0,19,0,0,1,1,38.0,38.0,38.0,2.5,2.5,False,False,False,True
ashish.bansal,fdfb61ad-f2ee-41b2-8f1d-992a52f8df82,CRC_3682,low-grade,low-grade,low-grade,3,False,True,True,2026-04-10T09:29:21+00:00,2026-04-10T09:29:52+00:00,36,1,20,16,6,11,0,15,0,0,2,1,31.0,31.0,31.0,2.5,2.5,False,False,False,True
ashish.bansal,fec9b1c2-b194-420b-af79-38f2371abfb8,CRC_4186,low-grade,low-grade,low-grade,2,False,True,True,2026-06-13T18:40:24+00:00,2026-06-13T18:45:00+00:00,45,2,22,23,8,12,0,19,1,0,1,1,276.0,67.0,67.0,5.0,2.5,False,False,False,True
ashish.bansal,fed28882-cfc4-40ad-b6b9-80e9b9f55df3,CRC_2068,non-neoplastic,non-neoplastic,non-neoplastic,2,False,True,True,2026-06-13T19:00:18+00:00,2026-06-13T19:00:52+00:00,30,1,12,18,3,7,0,17,0,0,1,1,34.0,34.0,34.0,5.0,2.5,False,False,False,True
iftikhar.rana,0e504384-5143-4891-b51b-3508b6af52c7,CRC_1186,high-grade,low-grade,low-grade,2,False,True,False,2026-04-24T08:48:50+00:00,2026-06-12T11:59:05+00:00,61,2,26,35,6,14,4,32,0,0,1,1,4245015.0,65.0,65.0,40.0,2.5,True,True,True,False
iftikhar.rana,209e3647-a5fa-4536-b1c0-f92686ddcf93,CRC_2861,non-neoplastic,non-neoplastic,non-neoplastic,2,False,True,True,2026-06-12T11:59:46+00:00,2026-06-12T12:00:59+00:00,77,1,40,37,11,21,6,36,0,0,1,1,73.0,73.0,73.0,20.0,2.5,True,True,False,False
iftikhar.rana,2adb7bce-b21c-433b-933d-43707507d79e,CRC_2231,high-grade,,,0,False,False,False,2026-06-12T12:08:05+00:00,2026-06-12T12:08:09+00:00,3,1,0,3,0,0,0,2,0,0,0,0,4.0,4.0,4.0,0.63,0.63,False,False,False,True
iftikhar.rana,2f7cc411-5a56-423f-bcaf-6ede3ac1c595,CRC_4268,high-grade,low-grade,low-grade,2,False,True,False,2026-04-24T08:39:54+00:00,2026-04-24T08:46:59+00:00,155,1,67,88,11,19,35,81,3,3,1,1,425.0,165.0,255.0,10.0,5.0,True,False,False,False
iftikhar.rana,35d905e2-c8dc-48c9-bdde-34b84e76fb99,CRC_0716,high-grade,high-grade,high-grade,2,False,True,True,2026-04-24T08:47:01+00:00,2026-04-24T08:48:48+00:00,117,1,63,54,12,21,28,53,0,0,1,1,107.0,107.0,107.0,10.0,5.0,True,False,False,False
iftikhar.rana,40bffb77-8919-450f-bc8e-a8314b659f8a,CRC_1555,high-grade,high-grade,high-grade,2,False,True,True,2026-06-12T12:07:31+00:00,2026-06-12T12:08:02+00:00,33,1,17,16,5,10,0,15,0,0,1,1,31.0,31.0,31.0,10.0,2.5,True,False,False,False
iftikhar.rana,52af11dc-a9d4-4814-b03c-3de465ded8f4,CRC_2684,low-grade,low-grade,low-grade,2,False,True,True,2026-04-24T08:38:25+00:00,2026-04-24T08:39:51+00:00,135,1,91,44,7,19,61,43,0,0,1,1,86.0,86.0,86.0,5.0,2.5,False,False,False,True
iftikhar.rana,52d19063-8457-4bf1-9766-4da7c0a11731,CRC_3478,low-grade,low-grade,low-grade,2,False,True,True,2026-04-24T08:28:39+00:00,2026-04-24T08:30:24+00:00,61,1,23,38,5,7,8,33,1,1,1,1,105.0,70.0,100.0,5.0,2.5,False,False,False,True
iftikhar.rana,6c9baa69-0918-47c4-8875-65b773e0472a,CRC_0707,non-neoplastic,non-neoplastic,non-neoplastic,2,False,True,True,2026-06-12T11:59:07+00:00,2026-06-12T11:59:44+00:00,49,1,30,19,8,20,0,18,0,0,1,1,37.0,37.0,37.0,10.0,5.0,True,False,False,False
iftikhar.rana,8a0633c8-3d6e-42ff-91f5-6dd5241b5590,CRC_0937,low-grade,non-neoplastic,non-neoplastic,2,False,True,False,2026-06-12T12:01:02+00:00,2026-06-12T12:07:28+00:00,245,1,122,123,40,78,2,118,2,2,1,1,386.0,240.0,300.0,20.0,5.0,True,True,False,False
iftikhar.rana,c61c86a9-4467-4682-a3c0-d31d48535932,CRC_0018,high-grade,low-grade,low-grade,2,False,True,False,2026-04-24T08:30:27+00:00,2026-04-24T08:38:22+00:00,188,1,89,99,7,21,59,94,2,2,1,1,475.0,191.0,236.0,10.0,5.0,True,False,False,False
muhammad.aslam,029dbbca-372a-4dcd-b561-65707a2c3ef9,CRC_2442,low-grade,low-grade,low-grade,2,False,True,True,2026-05-07T07:39:48+00:00,2026-05-07T07:40:06+00:00,24,1,14,10,4,8,0,9,0,0,1,1,18.0,18.0,18.0,2.5,2.5,False,False,False,True
muhammad.aslam,03c52421-b81f-43f4-accf-7e00eabf9cca,CRC_0135,non-neoplastic,non-neoplastic,non-neoplastic,2,False,True,True,2026-05-07T07:49:21+00:00,2026-05-07T07:49:39+00:00,33,1,24,9,6,16,0,8,0,0,1,1,18.0,18.0,18.0,5.0,2.5,False,False,False,True
muhammad.aslam,0493c28d-03bd-4793-8108-5272f24951a8,CRC_1003,non-neoplastic,non-neoplastic,non-neoplastic,2,False,True,True,2026-03-26T16:28:16+00:00,2026-03-26T16:28:47+00:00,37,1,21,16,3,9,7,15,0,0,1,1,31.0,31.0,31.0,5.0,2.5,False,False,False,True
muhammad.aslam,0518fc1c-4ef1-4adb-87d7-7bbeb00b5429,CRC_0828,low-grade,non-neoplastic,non-neoplastic,2,False,True,False,2026-05-07T12:57:57+00:00,2026-05-07T13:31:50+00:00,57,1,28,29,7,19,0,26,1,1,1,1,2033.0,54.0,84.0,5.0,2.5,False,False,False,True
muhammad.aslam,0552aa73-b585-4b87-956c-f28c11bdf0db,CRC_1553,non-neoplastic,non-neoplastic,non-neoplastic,2,False,True,True,2026-03-26T16:38:56+00:00,2026-03-26T16:40:34+00:00,87,1,41,46,8,19,12,43,1,1,1,1,98.0,88.0,98.0,20.0,5.0,True,True,False,False
muhammad.aslam,06dc6762-e3f2-49ef-91c2-3cb62a216212,CRC_3771,low-grade,low-grade,low-grade,2,False,True,True,2026-05-07T08:07:17+00:00,2026-05-07T08:07:25+00:00,16,1,12,4,3,7,0,3,0,0,1,1,8.0,8.0,8.0,5.0,3.75,False,False,False,True
muhammad.aslam,094e4bad-605a-46de-8f40-1be2c6046ce6,CRC_3601,high-grade,low-grade,low-grade,2,False,True,False,2026-05-07T13:41:26+00:00,2026-05-07T13:41:38+00:00,21,1,15,6,4,9,0,5,0,0,1,1,12.0,12.0,12.0,5.0,5.0,False,False,False,True
muhammad.aslam,0adfb136-eb1f-432e-8eb4-5efa809cb479,CRC_4239,high-grade,high-grade,high-grade,2,False,True,True,2026-03-26T16:05:21+00:00,2026-03-26T16:05:40+00:00,35,1,25,10,9,14,0,9,0,0,1,1,19.0,19.0,19.0,20.0,5.0,True,True,False,False
muhammad.aslam,0b4f6c6f-10a2-4161-a789-dae1d376c7fc,CRC_2472,low-grade,low-grade,low-grade,1,False,True,True,2026-05-07T07:33:37+00:00,2026-05-07T07:33:52+00:00,23,1,15,8,5,9,0,7,0,0,1,0,15.0,15.0,15.0,5.0,2.5,False,False,False,True
muhammad.aslam,0b59f5c6-e400-4259-a21a-40eba0f6114e,CRC_0731,low-grade,low-grade,low-grade,1,False,True,True,2026-05-07T12:17:50+00:00,2026-05-07T12:18:29+00:00,36,1,16,20,4,11,0,19,0,0,1,0,39.0,39.0,39.0,5.0,2.5,False,False,False,True
muhammad.aslam,0c490b7c-565c-4fc2-9404-8f2f648dafe5,CRC_3768,low-grade,low-grade,low-grade,2,False,True,True,2026-04-01T16:29:32+00:00,2026-04-01T16:29:51+00:00,35,1,25,10,8,15,0,9,0,0,1,1,19.0,19.0,19.0,5.0,2.5,False,False,False,True
muhammad.aslam,0cdd99b3-68f9-4e39-bae7-91435a07ae1d,CRC_3699,high-grade,low-grade,low-grade,2,False,True,False,2026-03-26T16:02:40+00:00,2026-03-26T16:03:23+00:00,44,1,22,22,4,7,9,21,0,0,1,1,43.0,43.0,43.0,2.5,2.5,False,False,False,True
muhammad.aslam,0db4bebd-ac08-4dec-a909-8fc781827355,CRC_3017,high-grade,low-grade,low-grade,2,False,True,False,2026-05-07T12:14:31+00:00,2026-05-07T12:14:43+00:00,14,1,8,6,2,4,0,5,0,0,1,1,12.0,12.0,12.0,2.5,2.5,False,False,False,True
muhammad.aslam,0fbd37f9-7786-4591-91dc-d1255f33ff66,CRC_1192,high-grade,high-grade,high-grade,2,False,True,True,2026-05-07T13:42:25+00:00,2026-05-07T13:42:46+00:00,24,1,13,11,4,7,0,10,0,0,1,1,21.0,21.0,21.0,5.0,2.5,False,False,False,True
muhammad.aslam,0fec640c-05ba-4e51-a20e-3fa0e82711a8,CRC_1270,non-neoplastic,non-neoplastic,non-neoplastic,2,False,True,True,2026-05-07T12:17:28+00:00,2026-05-07T12:17:48+00:00,29,1,19,10,6,11,0,9,0,0,1,1,20.0,20.0,20.0,5.0,2.5,False,False,False,True
muhammad.aslam,13128cba-fd87-4c30-bcf0-c264a608f319,CRC_4303,high-grade,low-grade,low-grade,2,False,True,False,2026-05-07T13:37:48+00:00,2026-05-07T13:40:40+00:00,63,1,36,27,12,22,0,24,1,1,1,1,172.0,50.0,80.0,20.0,2.5,True,True,False,False
muhammad.aslam,14458498-082f-4d55-8855-12f7c9390f5c,CRC_1568,low-grade,low-grade,low-grade,2,False,True,True,2026-05-07T13:44:18+00:00,2026-05-07T13:44:24+00:00,11,1,8,3,2,4,0,2,0,0,1,1,6.0,6.0,6.0,2.5,2.5,False,False,False,True
muhammad.aslam,181f8313-2d7a-4d4b-bc35-30821b915c24,CRC_0100,low-grade,low-grade,low-grade,2,False,True,True,2026-05-07T12:54:58+00:00,2026-05-07T12:55:09+00:00,15,1,9,6,3,4,0,5,0,0,1,1,11.0,11.0,11.0,5.0,2.5,False,False,False,True
muhammad.aslam,19123cde-0d86-4616-bd4f-6dbde2cfc1b7,CRC_2157,low-grade,low-grade,low-grade,2,False,True,True,2026-05-07T07:43:59+00:00,2026-05-07T07:44:09+00:00,23,1,17,6,4,11,0,5,0,0,1,1,10.0,10.0,10.0,20.0,5.0,True,True,False,False
muhammad.aslam,199d97ae-aaf0-4c6b-b75c-abdf755c5810,CRC_1531,non-neoplastic,non-neoplastic,non-neoplastic,2,False,True,True,2026-05-07T12:46:37+00:00,2026-05-07T12:47:18+00:00,48,1,27,21,9,16,0,20,0,0,1,1,41.0,41.0,41.0,5.0,2.5,False,False,False,True
muhammad.aslam,19a46e0f-f4e4-42e9-bb54-540ac823fa6d,CRC_3364,high-grade,low-grade,low-grade,2,False,True,False,2026-05-07T13:32:03+00:00,2026-05-07T13:32:35+00:00,14,1,10,4,2,6,0,3,0,0,1,1,32.0,32.0,32.0,5.0,2.5,False,False,False,True
muhammad.aslam,1aa8da18-f24d-49e0-882d-bb93e5a0f749,CRC_3818,low-grade,low-grade,low-grade,2,False,True,True,2026-05-07T13:40:41+00:00,2026-05-07T13:40:52+00:00,28,1,22,6,7,13,0,5,0,0,1,1,11.0,11.0,11.0,5.0,2.5,False,False,False,True
muhammad.aslam,1dadd497-5486-46c0-a3c7-6e23b426f0d8,CRC_1699,non-neoplastic,non-neoplastic,non-neoplastic,2,False,True,True,2026-05-07T13:43:05+00:00,2026-05-07T13:43:19+00:00,30,1,22,8,5,15,0,7,0,0,1,1,14.0,14.0,14.0,5.0,2.5,False,False,False,True
muhammad.aslam,1e0c7ecc-ebe0-48cf-9a9a-a2162363e59a,CRC_3245,non-neoplastic,low-grade,low-grade,2,False,True,False,2026-04-01T16:23:58+00:00,2026-04-01T16:24:26+00:00,26,1,11,15,3,6,0,14,0,0,1,1,28.0,28.0,28.0,2.5,2.5,False,False,False,True
muhammad.aslam,1ed29eec-9f53-4dd5-a7c3-8745f0656a0e,CRC_0690,non-neoplastic,non-neoplastic,non-neoplastic,2,False,True,True,2026-05-07T07:47:45+00:00,2026-05-07T07:48:19+00:00,54,1,37,17,12,23,0,16,0,0,1,1,34.0,34.0,34.0,10.0,2.5,True,False,False,False
muhammad.aslam,1ffe7e27-1344-4ffb-b06f-491fadd8e762,CRC_2398,high-grade,high-grade,high-grade,2,False,True,True,2026-05-07T12:18:32+00:00,2026-05-07T12:19:19+00:00,39,1,14,25,4,8,0,22,1,1,1,1,47.0,44.0,47.0,5.0,2.5,False,False,False,True
muhammad.aslam,200bf8ea-282e-45ad-94f5-9c5fa351b859,CRC_1119,high-grade,low-grade,low-grade,2,False,True,False,2026-05-07T13:41:40+00:00,2026-05-07T13:41:45+00:00,11,1,8,3,2,4,0,2,0,0,1,1,5.0,5.0,5.0,2.5,2.5,False,False,False,True
muhammad.aslam,22832606-0a31-4297-9176-ea2a7a9a9dad,CRC_1983,high-grade,high-grade,high-grade,2,False,True,True,2026-05-07T07:47:39+00:00,2026-05-07T07:47:43+00:00,7,1,4,3,1,1,0,2,0,0,1,1,4.0,4.0,4.0,5.0,5.0,False,False,False,True
muhammad.aslam,259ec4ad-1892-4993-bf31-eb21bdb9ae58,CRC_0844,low-grade,low-grade,low-grade,2,False,True,True,2026-05-07T12:48:14+00:00,2026-05-07T12:48:37+00:00,35,1,23,12,8,13,0,11,0,0,1,1,23.0,23.0,23.0,10.0,2.5,True,False,False,False
muhammad.aslam,261cb407-a927-45ca-89b8-210b13742a30,CRC_4245,non-neoplastic,non-neoplastic,non-neoplastic,2,False,True,True,2026-05-07T07:35:35+00:00,2026-05-07T07:35:52+00:00,28,1,19,9,6,11,0,8,0,0,1,1,17.0,17.0,17.0,2.5,2.5,False,False,False,True
muhammad.aslam,2638c096-f317-4523-9ace-f644dd2e20af,CRC_2088,high-grade,low-grade,low-grade,2,False,True,False,2026-05-07T13:44:08+00:00,2026-05-07T13:44:17+00:00,17,1,12,5,3,7,0,4,0,0,1,1,9.0,9.0,9.0,5.0,5.0,False,False,False,True
muhammad.aslam,263ef09c-6a67-423c-8d47-a92d264cbd25,CRC_0155,non-neoplastic,non-neoplastic,non-neoplastic,2,False,True,True,2026-05-07T13:34:39+00:00,2026-05-07T13:36:12+00:00,41,1,14,27,3,9,0,22,2,2,1,1,93.0,68.0,93.0,5.0,2.5,False,False,False,True
muhammad.aslam,2642eda4-2c28-4877-b438-4c633747455c,CRC_2368,high-grade,low-grade,low-grade,2,False,True,False,2026-05-07T12:42:58+00:00,2026-05-07T12:43:13+00:00,28,1,20,8,6,12,0,7,0,0,1,1,15.0,15.0,15.0,10.0,2.5,True,False,False,False
muhammad.aslam,273efa1b-153c-4a4c-ac0b-408b859f3383,CRC_1906,non-neoplastic,low-grade,low-grade,2,False,True,False,2026-04-01T16:26:40+00:00,2026-04-01T16:27:39+00:00,93,1,63,30,18,43,0,29,0,0,1,1,59.0,59.0,59.0,20.0,5.0,True,True,False,False
muhammad.aslam,2743414f-b1b9-415e-9701-f05836376521,CRC_2091,low-grade,low-grade,low-grade,2,False,True,True,2026-05-07T12:47:48+00:00,2026-05-07T12:48:04+00:00,29,1,20,9,5,13,0,8,0,0,1,1,16.0,16.0,16.0,5.0,5.0,False,False,False,True
muhammad.aslam,27732d2a-56d0-44d6-85df-4cc8cf47fd1e,CRC_3211,low-grade,non-neoplastic,non-neoplastic,2,False,True,False,2026-05-07T07:39:15+00:00,2026-05-07T07:39:30+00:00,24,1,16,8,5,9,0,7,0,0,1,1,15.0,15.0,15.0,5.0,2.5,False,False,False,True
muhammad.aslam,277cb4e2-a78d-4c43-b922-c33fae6a5285,CRC_3857,high-grade,low-grade,low-grade,2,False,True,False,2026-05-07T08:11:25+00:00,2026-05-07T11:54:08+00:00,40,1,16,24,4,10,0,21,1,1,1,1,13363.0,43.0,73.0,10.0,0.63,True,False,False,False
muhammad.aslam,27fc84f7-843b-4ff9-8cd2-aed26c117f79,CRC_3748,low-grade,low-grade,low-grade,2,False,True,True,2026-05-07T12:19:21+00:00,2026-05-07T12:19:56+00:00,24,1,5,19,1,2,0,16,1,1,1,1,35.0,34.0,35.0,2.5,0.63,False,False,False,True
muhammad.aslam,290ad714-e00a-463b-8f04-c956623a5958,CRC_0457,non-neoplastic,non-neoplastic,non-neoplastic,2,False,True,True,2026-05-07T08:08:50+00:00,2026-05-07T08:09:22+00:00,46,1,30,16,8,20,0,15,0,0,1,1,32.0,32.0,32.0,10.0,2.5,True,False,False,False
muhammad.aslam,2ae2ced2-a2ca-49bf-acd9-5c5d3ab82822,CRC_3973,low-grade,low-grade,low-grade,2,False,True,True,2026-05-07T07:44:30+00:00,2026-05-07T07:44:43+00:00,21,1,14,7,4,8,0,6,0,0,1,1,13.0,13.0,13.0,2.5,2.5,False,False,False,True
muhammad.aslam,2b270224-2d77-442a-9843-e07bddb5c371,CRC_2963,non-neoplastic,non-neoplastic,non-neoplastic,2,False,True,True,2026-05-07T07:46:51+00:00,2026-05-07T07:47:14+00:00,43,1,31,12,10,19,0,11,0,0,1,1,23.0,23.0,23.0,20.0,2.5,True,True,False,False
muhammad.aslam,2d1b5c84-5a48-4cd8-88bc-deed99dad289,CRC_2935,non-neoplastic,non-neoplastic,non-neoplastic,2,False,True,True,2026-05-07T07:33:54+00:00,2026-05-07T07:34:21+00:00,46,1,32,14,11,19,0,13,0,0,1,1,27.0,27.0,27.0,10.0,2.5,True,False,False,False
muhammad.aslam,2d4d7f54-019b-4dfd-be24-78d8650db5f0,CRC_0314,low-grade,low-grade,low-grade,2,False,True,True,2026-05-07T07:34:41+00:00,2026-05-07T07:35:09+00:00,25,1,11,14,3,6,0,13,0,0,1,1,28.0,28.0,28.0,5.0,2.5,False,False,False,True
muhammad.aslam,2f213be5-72fe-445d-bd9a-d63490d7d271,CRC_2629,high-grade,low-grade,low-grade,2,False,True,False,2026-05-07T08:08:01+00:00,2026-05-07T08:08:12+00:00,19,1,13,6,4,7,0,5,0,0,1,1,11.0,11.0,11.0,2.5,2.5,False,False,False,True
muhammad.aslam,30790354-8901-4bcc-a577-26cfe0b8f227,CRC_3322,non-neoplastic,non-neoplastic,non-neoplastic,2,False,True,True,2026-05-07T12:54:02+00:00,2026-05-07T12:54:15+00:00,23,1,16,7,4,10,0,6,0,0,1,1,13.0,13.0,13.0,5.0,5.0,False,False,False,True
muhammad.aslam,318380a3-3d50-43dd-8dd1-9179c6c600af,CRC_0702,non-neoplastic,non-neoplastic,non-neoplastic,2,False,True,True,2026-05-07T07:40:20+00:00,2026-05-07T07:40:40+00:00,35,1,25,10,8,15,0,9,0,0,1,1,20.0,20.0,20.0,5.0,2.5,False,False,False,True
muhammad.aslam,31965013-4ea0-4087-932f-1c2ee82e2ff6,CRC_2238,high-grade,low-grade,low-grade,2,False,True,False,2026-05-07T12:55:10+00:00,2026-05-07T12:55:32+00:00,43,1,32,11,10,20,0,10,0,0,1,1,22.0,22.0,22.0,10.0,2.5,True,False,False,False
muhammad.aslam,320bd987-4853-4869-9400-5a198bb43546,CRC_2125,low-grade,low-grade,low-grade,2,False,True,True,2026-03-26T16:36:39+00:00,2026-03-26T16:37:01+00:00,20,1,9,11,3,4,0,10,0,0,1,1,22.0,22.0,22.0,5.0,2.5,False,False,False,True
muhammad.aslam,33795191-140d-447e-8176-cdaa343a3601,CRC_4223,non-neoplastic,non-neoplastic,non-neoplastic,2,False,True,True,2026-04-01T16:30:16+00:00,2026-04-01T16:30:57+00:00,58,1,37,21,12,23,0,20,0,0,1,1,41.0,41.0,41.0,10.0,2.5,True,False,False,False
muhammad.aslam,35159e5b-6eba-4b36-9c0c-388f04a4f444,CRC_0114,high-grade,low-grade,low-grade,2,False,True,False,2026-05-07T07:48:46+00:00,2026-05-07T07:49:04+00:00,31,1,22,9,7,13,0,8,0,0,1,1,18.0,18.0,18.0,20.0,2.5,True,True,False,False
muhammad.aslam,354a0795-08ad-4589-8e37-eeaf5c05d535,CRC_2003,high-grade,high-grade,high-grade,2,False,True,True,2026-05-07T07:35:10+00:00,2026-05-07T07:35:19+00:00,12,1,7,5,1,4,0,4,0,0,1,1,9.0,9.0,9.0,5.0,2.5,False,False,False,True
muhammad.aslam,3581e210-ae85-42f7-a646-9eb3e9f60307,CRC_3168,low-grade,low-grade,low-grade,2,False,True,True,2026-05-07T12:54:38+00:00,2026-05-07T12:54:57+00:00,29,1,19,10,5,12,0,9,0,0,1,1,19.0,19.0,19.0,5.0,5.0,False,False,False,True
muhammad.aslam,363ad248-32bf-4c01-9a5c-10aadb4d8ddf,CRC_2525,high-grade,low-grade,high-grade,3,True,True,False,2026-05-07T13:36:27+00:00,2026-05-07T13:36:57+00:00,46,1,30,16,8,19,0,15,0,0,2,1,30.0,30.0,30.0,20.0,5.0,True,True,False,False
muhammad.aslam,3696e898-ad3e-4d8e-8717-1d8830a78eea,CRC_2750,low-grade,low-grade,low-grade,2,False,True,True,2026-05-07T08:09:32+00:00,2026-05-07T08:09:40+00:00,15,1,11,4,3,6,0,3,0,0,1,1,8.0,8.0,8.0,2.5,2.5,False,False,False,True
muhammad.aslam,36ecef80-269f-423e-8d6f-508771ee9625,CRC_4318,non-neoplastic,non-neoplastic,low-grade,3,True,True,True,2026-05-07T12:57:27+00:00,2026-05-07T12:57:37+00:00,16,1,11,5,3,5,0,4,0,0,2,1,10.0,10.0,10.0,2.5,2.5,False,False,False,True
muhammad.aslam,3716cf22-622d-40f4-b6f6-864385fc20b0,CRC_3014,low-grade,low-grade,low-grade,2,False,True,True,2026-05-07T12:57:39+00:00,2026-05-07T12:57:56+00:00,20,1,11,9,4,5,0,8,0,0,1,1,17.0,17.0,17.0,10.0,2.5,True,False,False,False
muhammad.aslam,3a7bcf41-b400-4546-9088-2e3cbecfacbc,CRC_4312,low-grade,low-grade,low-grade,2,False,True,True,2026-05-07T12:15:38+00:00,2026-05-07T12:16:46+00:00,45,1,14,31,4,8,0,28,1,1,1,1,68.0,59.0,68.0,10.0,5.0,True,False,False,False
muhammad.aslam,3a85a614-a46f-4b4e-bff5-2d0e8c9a7f0b,CRC_1330,high-grade,low-grade,low-grade,2,False,True,False,2026-05-07T12:48:38+00:00,2026-05-07T12:50:02+00:00,50,1,22,28,6,14,0,25,1,1,1,1,84.0,52.0,82.0,10.0,5.0,True,False,False,False
muhammad.aslam,3d66cf35-bb04-40b1-8c10-48814efd5913,CRC_3200,low-grade,low-grade,low-grade,2,False,True,True,2026-05-07T07:50:22+00:00,2026-05-07T07:52:10+00:00,23,1,4,19,1,1,0,16,1,1,1,1,108.0,33.0,63.0,2.5,0.63,False,False,False,True
muhammad.aslam,3e967127-8d2c-437c-9a88-e73ca45cf0d5,CRC_0675,non-neoplastic,low-grade,low-grade,2,False,True,False,2026-05-07T07:48:34+00:00,2026-05-07T07:48:44+00:00,18,1,12,6,3,7,0,5,0,0,1,1,10.0,10.0,10.0,5.0,3.75,False,False,False,True
muhammad.aslam,40619ad0-e629-4b58-8355-a57fd9bd54c7,CRC_0123,high-grade,high-grade,high-grade,2,False,True,True,2026-05-07T07:41:04+00:00,2026-05-07T07:41:26+00:00,28,1,16,12,4,10,0,11,0,0,1,1,22.0,22.0,22.0,5.0,5.0,False,False,False,True
muhammad.aslam,4142eae6-77f3-4288-bc34-22453484c994,CRC_3588,low-grade,low-grade,low-grade,2,False,True,True,2026-05-07T12:53:40+00:00,2026-05-07T12:53:51+00:00,25,1,19,6,6,11,0,5,0,0,1,1,11.0,11.0,11.0,2.5,2.5,False,False,False,True
muhammad.aslam,41f4be78-1557-446c-a85c-04c342654eb4,CRC_2231,high-grade,low-grade,low-grade,2,False,True,False,2026-05-07T07:58:02+00:00,2026-05-07T07:58:14+00:00,21,1,14,7,3,9,0,6,0,0,1,1,12.0,12.0,12.0,5.0,2.5,False,False,False,True
muhammad.aslam,4202154c-237e-45b4-8d04-8864fb23f06f,CRC_3610,high-grade,low-grade,low-grade,2,False,True,False,2026-05-07T12:45:47+00:00,2026-05-07T12:46:35+00:00,60,1,35,25,10,23,0,24,0,0,1,1,48.0,48.0,48.0,20.0,5.0,True,True,False,False
muhammad.aslam,42730440-6083-46a4-8a87-1562abaf7b5b,CRC_0872,high-grade,low-grade,low-grade,2,False,True,False,2026-05-07T12:22:08+00:00,2026-05-07T12:22:56+00:00,40,1,17,23,5,10,0,20,1,1,1,1,48.0,41.0,48.0,2.5,2.5,False,False,False,True
muhammad.aslam,431cad09-29c1-48ed-92e1-79b8cdea379d,CRC_1529,low-grade,non-neoplastic,non-neoplastic,2,False,True,False,2026-05-07T12:45:20+00:00,2026-05-07T12:45:45+00:00,36,1,23,13,7,14,0,12,0,0,1,1,25.0,25.0,25.0,5.0,2.5,False,False,False,True
muhammad.aslam,44338e68-faba-467e-acca-4007c92a8ff1,CRC_2907,high-grade,low-grade,low-grade,2,False,True,False,2026-05-07T13:44:44+00:00,2026-05-07T13:44:56+00:00,22,1,16,6,4,10,0,5,0,0,1,1,12.0,12.0,12.0,5.0,5.0,False,False,False,True
muhammad.aslam,460844e9-e947-4846-98ce-cb6460fb34fd,CRC_3286,non-neoplastic,non-neoplastic,non-neoplastic,2,False,True,True,2026-05-07T12:51:11+00:00,2026-05-07T12:51:55+00:00,57,1,34,23,11,21,0,22,0,0,1,1,44.0,44.0,44.0,20.0,2.5,True,True,False,False
muhammad.aslam,46289ed4-f824-4bc4-b378-efc7f9c33fd3,CRC_1513,low-grade,low-grade,low-grade,2,False,True,True,2026-03-26T16:03:45+00:00,2026-03-26T16:04:12+00:00,34,1,20,14,6,10,2,13,0,0,1,1,27.0,27.0,27.0,20.0,5.0,True,True,False,False
muhammad.aslam,46603d4f-d827-463c-8442-e7d5affb2211,CRC_1752,low-grade,low-grade,low-grade,2,False,True,True,2026-04-01T16:24:52+00:00,2026-04-01T16:25:15+00:00,34,1,22,12,7,13,0,11,0,0,1,1,23.0,23.0,23.0,5.0,2.5,False,False,False,True
muhammad.aslam,476a6d52-5ba5-4815-a366-c5fd7e29377c,CRC_0183,low-grade,low-grade,low-grade,2,False,True,True,2026-03-26T16:32:26+00:00,2026-03-26T16:32:44+00:00,23,1,13,10,2,6,3,9,0,0,1,1,18.0,18.0,18.0,10.0,2.5,True,False,False,False
muhammad.aslam,499ecc0b-29a5-4d5e-91b4-621e209dce9c,CRC_4048,low-grade,low-grade,low-grade,2,False,True,True,2026-05-07T07:48:21+00:00,2026-05-07T07:48:32+00:00,18,1,12,6,3,7,0,5,0,0,1,1,11.0,11.0,11.0,5.0,3.75,False,False,False,True
muhammad.aslam,4a23fd68-5ace-4a52-8c4f-e4efab00d527,CRC_3623,low-grade,high-grade,high-grade,2,False,True,False,2026-04-01T08:54:44+00:00,2026-04-01T08:55:24+00:00,53,1,32,21,8,22,0,20,0,0,1,1,40.0,40.0,40.0,10.0,5.0,True,False,False,False
muhammad.aslam,4dc16919-eaab-4aef-8130-04add2f52b72,CRC_2637,low-grade,low-grade,low-grade,2,False,True,True,2026-05-07T13:41:12+00:00,2026-05-07T13:41:25+00:00,17,1,10,7,2,6,0,6,0,0,1,1,13.0,13.0,13.0,5.0,2.5,False,False,False,True
muhammad.aslam,4dc94bae-712a-4c63-bc85-e42a8255a856,CRC_0766,low-grade,low-grade,low-grade,2,False,True,True,2026-05-07T12:19:58+00:00,2026-05-07T12:20:36+00:00,39,1,19,20,5,12,0,19,0,0,1,1,38.0,38.0,38.0,10.0,2.5,True,False,False,False
muhammad.aslam,4ddd39f7-8f46-44eb-9b78-073e78b157b2,CRC_2084,low-grade,low-grade,low-grade,2,False,True,True,2026-05-07T07:43:40+00:00,2026-05-07T07:43:49+00:00,15,1,10,5,3,5,0,4,0,0,1,1,9.0,9.0,9.0,2.5,2.5,False,False,False,True
muhammad.aslam,4eece937-98fa-4e17-9a38-ceb941aae8b5,CRC_3670,high-grade,low-grade,low-grade,2,False,True,False,2026-05-07T07:45:41+00:00,2026-05-07T07:46:02+00:00,39,1,28,11,7,19,0,10,0,0,1,1,21.0,21.0,21.0,10.0,2.5,True,False,False,False
muhammad.aslam,4fd2d8e7-32e2-454f-99c4-2bfd95094cee,CRC_0671,non-neoplastic,low-grade,low-grade,2,False,True,False,2026-04-01T15:38:33+00:00,2026-04-01T16:23:56+00:00,47,1,29,18,9,18,0,15,1,1,1,1,2723.0,58.0,88.0,40.0,5.0,True,True,True,False
muhammad.aslam,5017f7af-cbd5-42e4-af10-7c09bf300b7c,CRC_0707,non-neoplastic,non-neoplastic,non-neoplastic,2,False,True,True,2026-03-31T13:15:00+00:00,2026-03-31T13:15:46+00:00,66,1,43,23,12,29,0,22,0,0,1,1,46.0,46.0,46.0,10.0,5.0,True,False,False,False
muhammad.aslam,51a72b41-411b-4ca8-91ad-e332e78cde1b,CRC_0258,non-neoplastic,low-grade,low-grade,2,False,True,False,2026-05-07T11:55:40+00:00,2026-05-07T11:55:52+00:00,20,1,14,6,4,8,0,5,0,0,1,1,12.0,12.0,12.0,5.0,2.5,False,False,False,True
muhammad.aslam,51c7d93d-bf5e-4cb2-b115-26e44d167ad1,CRC_2291,non-neoplastic,low-grade,low-grade,2,False,True,False,2026-05-07T07:46:42+00:00,2026-05-07T07:46:49+00:00,14,1,10,4,3,5,0,3,0,0,1,1,7.0,7.0,7.0,2.5,2.5,False,False,False,True
muhammad.aslam,52d3027b-d6ef-4147-9200-64ec3884afa2,CRC_0919,high-grade,low-grade,low-grade,2,False,True,False,2026-05-07T07:36:15+00:00,2026-05-07T07:36:55+00:00,32,1,11,21,2,7,0,18,1,1,1,1,40.0,38.0,40.0,5.0,0.63,False,False,False,True
muhammad.aslam,530a70f6-d5af-43c3-b89b-fcf09431185d,CRC_0695,non-neoplastic,non-neoplastic,non-neoplastic,2,False,True,True,2026-05-07T07:34:22+00:00,2026-05-07T07:34:39+00:00,28,1,19,9,6,11,0,8,0,0,1,1,17.0,17.0,17.0,5.0,2.5,False,False,False,True
muhammad.aslam,53902b2e-4205-48ba-ad06-01aa0196ef98,CRC_0720,high-grade,high-grade,high-grade,2,False,True,True,2026-05-07T12:01:42+00:00,2026-05-07T12:02:10+00:00,31,1,17,14,4,11,0,13,0,0,1,1,28.0,28.0,28.0,5.0,2.5,False,False,False,True
muhammad.aslam,53e43e88-9607-464b-9a9d-8dbf9d417b50,CRC_4357,low-grade,low-grade,low-grade,1,False,True,True,2026-05-07T12:21:37+00:00,2026-05-07T12:22:06+00:00,28,1,13,15,4,8,0,14,0,0,1,0,29.0,29.0,29.0,2.5,2.5,False,False,False,True
muhammad.aslam,547bc220-2447-4f9c-890f-11fe17f8a099,CRC_0510,non-neoplastic,non-neoplastic,non-neoplastic,2,False,True,True,2026-05-07T07:49:06+00:00,2026-05-07T07:49:19+00:00,19,1,12,7,3,7,0,6,0,0,1,1,13.0,13.0,13.0,5.0,5.0,False,False,False,True
muhammad.aslam,5672412a-64ff-44c7-8d4d-62e28c20a050,CRC_0824,non-neoplastic,non-neoplastic,non-neoplastic,1,False,True,True,2026-05-07T07:43:00+00:00,2026-05-07T07:43:20+00:00,29,1,19,10,5,13,0,9,0,0,1,0,20.0,20.0,20.0,5.0,2.5,False,False,False,True
muhammad.aslam,5805fee2-3be7-420b-84a2-e6dfcaa3d105,CRC_1416,high-grade,low-grade,low-grade,1,False,True,False,2026-04-01T08:58:56+00:00,2026-04-01T08:59:30+00:00,51,1,33,18,8,24,0,17,0,0,1,0,34.0,34.0,34.0,10.0,2.5,True,False,False,False
muhammad.aslam,5b53395a-25f5-4c37-8fdf-16c36cac0072,CRC_2354,non-neoplastic,non-neoplastic,non-neoplastic,2,False,True,True,2026-05-07T07:37:25+00:00,2026-05-07T07:37:51+00:00,50,1,37,13,12,23,0,12,0,0,1,1,26.0,26.0,26.0,20.0,2.5,True,True,False,False
muhammad.aslam,5b6744c0-15ac-4993-8a26-4490d920ea81,CRC_0860,low-grade,low-grade,low-grade,2,False,True,True,2026-03-26T16:03:26+00:00,2026-03-26T16:03:43+00:00,25,1,16,9,3,6,5,8,0,0,1,1,17.0,17.0,17.0,10.0,2.5,True,False,False,False
muhammad.aslam,5bf5082a-7703-48f2-b063-54a4974a3655,CRC_0492,non-neoplastic,non-neoplastic,low-grade,3,True,True,True,2026-05-07T13:37:32+00:00,2026-05-07T13:37:46+00:00,31,1,23,8,6,14,0,7,0,0,2,1,14.0,14.0,14.0,10.0,5.0,True,False,False,False
muhammad.aslam,5c336662-09e6-4c21-866e-368fdbf1b4ba,CRC_3682,low-grade,low-grade,low-grade,2,False,True,True,2026-05-07T11:55:07+00:00,2026-05-07T11:55:38+00:00,33,1,17,16,5,10,0,15,0,0,1,1,31.0,31.0,31.0,2.5,2.5,False,False,False,True
muhammad.aslam,5d19ce0d-60b5-4cb6-a6eb-725a5698e595,CRC_0427,low-grade,low-grade,low-grade,2,False,True,True,2026-05-07T07:42:44+00:00,2026-05-07T07:42:59+00:00,25,1,17,8,4,11,0,7,0,0,1,1,15.0,15.0,15.0,5.0,2.5,False,False,False,True
muhammad.aslam,5eeacf1e-0e72-46ce-bc49-706171ef5bc0,CRC_2721,high-grade,low-grade,low-grade,2,False,True,False,2026-05-07T12:44:11+00:00,2026-05-07T12:44:52+00:00,35,1,13,22,4,7,0,19,1,1,1,1,41.0,38.0,41.0,2.5,0.31,False,False,False,True
muhammad.aslam,62d14f72-bc84-4a6e-b50f-2904ac606f66,CRC_3445,non-neoplastic,non-neoplastic,low-grade,3,True,True,True,2026-03-26T16:26:59+00:00,2026-03-26T16:28:13+00:00,75,1,36,39,9,17,7,36,1,1,2,1,74.0,72.0,74.0,20.0,2.5,True,True,False,False
muhammad.aslam,64c012dd-ef06-455f-938e-a533b172c836,CRC_3947,low-grade,non-neoplastic,non-neoplastic,2,False,True,False,2026-05-07T12:41:00+00:00,2026-05-07T12:42:57+00:00,63,1,35,28,11,22,0,25,1,1,1,1,117.0,51.0,81.0,10.0,2.5,True,False,False,False
muhammad.aslam,65c3c238-94f0-4d2b-9554-05c3bde8f2d2,CRC_4268,high-grade,low-grade,low-grade,2,False,True,False,2026-05-07T12:56:26+00:00,2026-05-07T12:56:43+00:00,34,1,25,9,8,15,0,8,0,0,1,1,17.0,17.0,17.0,10.0,2.5,True,False,False,False
muhammad.aslam,67be66a0-25e6-4eab-95a3-a71cfe0eb1e1,CRC_4263,non-neoplastic,non-neoplastic,non-neoplastic,2,False,True,True,2026-05-07T12:16:47+00:00,2026-05-07T12:17:12+00:00,41,1,28,13,9,17,0,12,0,0,1,1,25.0,25.0,25.0,5.0,2.5,False,False,False,True
muhammad.aslam,6b808e1c-868c-4f07-b962-11ce658f1a2c,CRC_2611,low-grade,high-grade,high-grade,2,False,True,False,2026-05-07T13:44:37+00:00,2026-05-07T13:44:43+00:00,11,1,8,3,2,4,0,2,0,0,1,1,6.0,6.0,6.0,5.0,2.5,False,False,False,True
muhammad.aslam,6d55a5e3-f35f-4d8b-a154-858dffca21a3,CRC_0885,non-neoplastic,non-neoplastic,non-neoplastic,2,False,True,True,2026-05-07T13:42:55+00:00,2026-05-07T13:43:03+00:00,22,1,17,5,5,10,0,4,0,0,1,1,8.0,8.0,8.0,2.5,2.5,False,False,False,True
muhammad.aslam,6f371a36-8989-48a4-b72d-52e86ab9887f,CRC_2538,low-grade,low-grade,low-grade,2,False,True,True,2026-05-07T12:56:18+00:00,2026-05-07T12:56:24+00:00,14,1,10,4,3,5,0,3,0,0,1,1,6.0,6.0,6.0,2.5,2.5,False,False,False,True
muhammad.aslam,7425531e-54d2-4463-b664-41b51b082aa4,CRC_3918,low-grade,non-neoplastic,non-neoplastic,2,False,True,False,2026-05-07T11:56:51+00:00,2026-05-07T11:57:38+00:00,52,1,28,24,9,17,0,23,0,0,1,1,47.0,47.0,47.0,10.0,2.5,True,False,False,False
muhammad.aslam,751795a8-e045-4ab8-a29f-259a1da70272,CRC_3122,low-grade,low-grade,low-grade,2,False,True,True,2026-05-07T12:47:31+00:00,2026-05-07T12:47:46+00:00,17,1,9,8,2,5,0,7,0,0,1,1,15.0,15.0,15.0,5.0,2.5,False,False,False,True
muhammad.aslam,755ea125-9705-43ed-9abd-0fbd834e19dc,CRC_3789,high-grade,high-grade,high-grade,2,False,True,True,2026-05-07T07:45:05+00:00,2026-05-07T07:45:16+00:00,18,1,12,6,4,6,0,5,0,0,1,1,11.0,11.0,11.0,5.0,2.5,False,False,False,True
muhammad.aslam,75aef8fb-eb86-47a8-bb19-6b50d76e90fa,CRC_2310,low-grade,low-grade,low-grade,2,False,True,True,2026-05-07T11:57:40+00:00,2026-05-07T12:01:22+00:00,55,1,22,33,7,13,0,30,1,1,1,1,222.0,62.0,92.0,10.0,2.5,True,False,False,False
muhammad.aslam,7689b0e0-625d-4894-862d-e8bbadfc5a44,CRC_3266,low-grade,low-grade,low-grade,2,False,True,True,2026-05-07T12:03:15+00:00,2026-05-07T12:14:10+00:00,52,1,27,25,8,17,0,22,1,1,1,1,655.0,44.0,74.0,40.0,2.5,True,True,True,False
muhammad.aslam,783aed7d-e60f-4b09-8ec3-369d365ba2f5,CRC_3642,low-grade,low-grade,low-grade,2,False,True,True,2026-04-01T16:25:17+00:00,2026-04-01T16:26:12+00:00,87,1,59,28,20,37,0,27,0,0,1,1,55.0,55.0,55.0,10.0,2.5,True,False,False,False
muhammad.aslam,791dc171-21b0-43e1-b5e2-b7948a09f656,CRC_3767,non-neoplastic,low-grade,low-grade,2,False,True,False,2026-03-26T16:32:46+00:00,2026-03-26T16:36:37+00:00,72,1,36,36,8,13,13,33,1,1,1,1,231.0,67.0,97.0,40.0,2.5,True,True,True,False
muhammad.aslam,792f5d36-f00e-4448-8c71-b9c7dca21b2f,CRC_1515,low-grade,non-neoplastic,non-neoplastic,2,False,True,False,2026-05-07T07:41:57+00:00,2026-05-07T07:42:21+00:00,40,1,27,13,9,16,0,12,0,0,1,1,24.0,24.0,24.0,5.0,2.5,False,False,False,True
muhammad.aslam,7a158da2-d151-49ed-809c-fa3b3a9912e4,CRC_0005,non-neoplastic,non-neoplastic,non-neoplastic,1,False,True,True,2026-05-07T07:40:42+00:00,2026-05-07T07:41:01+00:00,31,1,21,10,6,14,0,9,0,0,1,0,19.0,19.0,19.0,10.0,5.0,True,False,False,False
muhammad.aslam,7a22c5b2-aac6-41e2-b531-b90010b4e4f4,CRC_3534,high-grade,high-grade,high-grade,2,False,True,True,2026-05-07T07:52:35+00:00,2026-05-07T07:52:40+00:00,7,1,4,3,1,1,0,2,0,0,1,1,5.0,5.0,5.0,2.5,2.5,False,False,False,True
muhammad.aslam,7d08a927-9e3d-4e0c-93a4-9983e42871c1,CRC_0716,high-grade,high-grade,high-grade,1,False,True,True,2026-05-07T07:38:53+00:00,2026-05-07T07:38:57+00:00,6,1,3,3,1,1,0,2,0,0,1,0,4.0,4.0,4.0,2.5,2.5,False,False,False,True
muhammad.aslam,7d145b02-0286-4c95-8018-534b00dffeba,CRC_2183,low-grade,low-grade,low-grade,2,False,True,True,2026-05-07T12:50:04+00:00,2026-05-07T12:50:45+00:00,40,1,19,21,4,13,0,20,0,0,1,1,41.0,41.0,41.0,5.0,2.5,False,False,False,True
muhammad.aslam,7d69fd39-1752-430b-8579-f56609c19bc4,CRC_4427,non-neoplastic,non-neoplastic,low-grade,2,True,True,True,2026-05-07T08:09:41+00:00,2026-05-07T08:10:25+00:00,73,1,50,23,17,31,0,22,0,0,2,0,44.0,44.0,44.0,10.0,2.5,True,False,False,False
muhammad.aslam,7dd39ca5-ab5d-49d8-93fb-e6156528057b,CRC_4011,high-grade,low-grade,low-grade,2,False,True,False,2026-03-26T16:28:50+00:00,2026-03-26T16:30:50+00:00,89,1,35,54,6,14,13,49,2,2,1,1,120.0,102.0,120.0,20.0,5.0,True,True,False,False
muhammad.aslam,7fb9435f-d261-4d67-ac2d-63dbb5fc76c5,CRC_0554,low-grade,low-grade,low-grade,2,False,True,True,2026-05-07T07:38:35+00:00,2026-05-07T07:38:52+00:00,31,1,22,9,5,15,0,8,0,0,1,1,17.0,17.0,17.0,5.0,2.5,False,False,False,True
muhammad.aslam,8231c760-eb32-4565-bd26-545003f9c63a,CRC_2474,low-grade,low-grade,low-grade,2,False,True,True,2026-05-07T07:33:17+00:00,2026-05-07T07:33:35+00:00,24,1,14,10,4,8,0,9,0,0,1,1,18.0,18.0,18.0,5.0,2.5,False,False,False,True
muhammad.aslam,84232384-b244-49f5-9846-39d7f78bf091,CRC_0891,high-grade,high-grade,high-grade,2,False,True,True,2026-05-07T12:43:42+00:00,2026-05-07T12:43:51+00:00,11,1,6,5,1,3,0,4,0,0,1,1,9.0,9.0,9.0,5.0,2.5,False,False,False,True
muhammad.aslam,85bc3f55-6927-4ee8-a086-f8354e93b74a,CRC_1468,low-grade,low-grade,low-grade,2,False,True,True,2026-05-07T07:42:31+00:00,2026-05-07T07:42:43+00:00,21,1,15,6,5,8,0,5,0,0,1,1,12.0,12.0,12.0,5.0,2.5,False,False,False,True
muhammad.aslam,85e20bae-8f27-4599-82c5-137f467ed898,CRC_2944,low-grade,low-grade,low-grade,2,False,True,True,2026-05-07T08:07:02+00:00,2026-05-07T08:07:16+00:00,24,1,17,7,5,10,0,6,0,0,1,1,14.0,14.0,14.0,10.0,5.0,True,False,False,False
muhammad.aslam,864c0f12-a0e5-45fa-92ad-1b64ab882d06,CRC_1742,high-grade,low-grade,low-grade,2,False,True,False,2026-05-07T07:44:11+00:00,2026-05-07T07:44:29+00:00,32,1,23,9,6,15,0,8,0,0,1,1,18.0,18.0,18.0,10.0,5.0,True,False,False,False
muhammad.aslam,87696063-40df-409b-9294-e299738001d1,CRC_2105,high-grade,high-grade,high-grade,1,False,True,True,2026-05-07T07:41:50+00:00,2026-05-07T07:41:55+00:00,9,1,6,3,1,4,0,2,0,0,1,0,5.0,5.0,5.0,5.0,2.5,False,False,False,True
muhammad.aslam,877fab1e-d95c-4d37-a824-b7c50ab4ecec,CRC_0391,non-neoplastic,non-neoplastic,non-neoplastic,2,False,True,True,2026-05-07T13:33:57+00:00,2026-05-07T13:34:10+00:00,27,1,20,7,7,11,0,6,0,0,1,1,13.0,13.0,13.0,10.0,2.5,True,False,False,False
muhammad.aslam,88696f41-2977-4471-917c-8c50079562c3,CRC_0925,high-grade,low-grade,low-grade,2,False,True,False,2026-05-07T12:57:05+00:00,2026-05-07T12:57:26+00:00,44,1,33,11,9,22,0,10,0,0,1,1,21.0,21.0,21.0,40.0,5.0,True,True,True,False
muhammad.aslam,89db978d-8865-4a29-82c4-da148eae36d0,CRC_2460,low-grade,low-grade,low-grade,2,False,True,True,2026-05-07T12:02:11+00:00,2026-05-07T12:03:14+00:00,31,1,10,21,3,5,0,18,1,1,1,1,63.0,36.0,63.0,5.0,0.31,False,False,False,True
muhammad.aslam,89f1077f-4cdc-425f-8d70-1d89e65c6ebb,CRC_1659,low-grade,low-grade,low-grade,2,False,True,True,2026-04-01T16:31:00+00:00,2026-05-07T12:01:40+00:00,48,2,22,26,7,13,0,23,1,0,1,1,3094240.0,47.0,47.0,5.0,2.5,False,False,False,True
muhammad.aslam,8b8ee72e-d282-4e6b-96b4-f0a86de83eab,CRC_2807,high-grade,high-grade,non-neoplastic,3,True,True,True,2026-04-01T16:28:51+00:00,2026-04-01T16:29:29+00:00,63,1,43,20,8,32,0,19,0,0,2,1,38.0,38.0,38.0,5.0,2.5,False,False,False,True
muhammad.aslam,8d313523-1e02-422d-b1b1-a83e713f53dd,CRC_3044,high-grade,low-grade,low-grade,2,False,True,False,2026-05-07T07:52:42+00:00,2026-05-07T07:58:00+00:00,26,1,16,10,5,9,0,7,1,1,1,1,318.0,43.0,73.0,5.0,2.5,False,False,False,True
muhammad.aslam,8d3551d0-50d2-4ccd-8e01-6fe6c07df423,CRC_1186,high-grade,low-grade,low-grade,2,False,True,False,2026-05-07T13:40:54+00:00,2026-05-07T13:41:10+00:00,38,1,29,9,8,19,0,8,0,0,1,1,16.0,16.0,16.0,20.0,5.0,True,True,False,False
muhammad.aslam,8eae588e-48fa-4642-940f-a1dceb257acf,CRC_1824,low-grade,low-grade,low-grade,2,False,True,True,2026-05-07T07:46:16+00:00,2026-05-07T07:46:25+00:00,18,1,13,5,4,7,0,4,0,0,1,1,9.0,9.0,9.0,2.5,2.5,False,False,False,True
muhammad.aslam,8fdc1e51-28e4-4998-a350-fa8a2c75fa00,CRC_3470,high-grade,high-grade,high-grade,2,False,True,True,2026-05-07T07:42:23+00:00,2026-05-07T07:42:30+00:00,9,1,5,4,1,2,0,3,0,0,1,1,7.0,7.0,7.0,5.0,5.0,False,False,False,True
muhammad.aslam,90a00de5-84f2-4f59-969e-ac5183ab152a,CRC_1265,high-grade,high-grade,high-grade,1,False,True,True,2026-05-07T12:54:17+00:00,2026-05-07T12:54:36+00:00,31,1,21,10,7,13,0,9,0,0,1,0,19.0,19.0,19.0,10.0,2.5,True,False,False,False
muhammad.aslam,91c7553e-0377-4e21-b990-73075ac4bba6,CRC_2024,low-grade,low-grade,low-grade,2,False,True,True,2026-04-01T15:27:31+00:00,2026-04-01T15:28:22+00:00,52,1,26,26,5,13,6,25,0,0,1,1,51.0,51.0,51.0,10.0,2.5,True,False,False,False
muhammad.aslam,91e80c81-e504-4324-8e84-70858439764e,CRC_3423,high-grade,low-grade,low-grade,2,False,True,False,2026-05-07T08:10:28+00:00,2026-05-07T08:10:39+00:00,19,1,13,6,4,7,0,5,0,0,1,1,11.0,11.0,11.0,5.0,2.5,False,False,False,True
muhammad.aslam,933c93e2-ab52-4c35-bd8a-421d7f32452a,CRC_1800,high-grade,high-grade,high-grade,2,False,True,True,2026-05-07T11:54:37+00:00,2026-05-07T11:54:44+00:00,10,1,6,4,1,3,0,3,0,0,1,1,7.0,7.0,7.0,5.0,2.5,False,False,False,True
muhammad.aslam,9381b2e1-a430-4109-bc56-00e1fe4b1452,CRC_3351,high-grade,low-grade,low-grade,2,False,True,False,2026-03-26T15:55:24+00:00,2026-03-26T16:02:38+00:00,214,1,106,108,20,36,46,101,1,1,1,1,434.0,237.0,267.0,40.0,20.0,True,True,True,False
muhammad.aslam,956a0d2b-556a-40c1-b2b9-d5f2ce367893,CRC_0132,high-grade,high-grade,high-grade,2,False,True,True,2026-05-07T13:33:10+00:00,2026-05-07T13:33:20+00:00,18,1,12,6,4,6,0,5,0,0,1,1,10.0,10.0,10.0,5.0,2.5,False,False,False,True
muhammad.aslam,95b31b2a-3d25-46d1-9abb-b3d7f357c0cf,CRC_1524,low-grade,non-neoplastic,non-neoplastic,1,False,True,False,2026-03-26T16:37:03+00:00,2026-03-26T16:37:18+00:00,15,1,7,8,1,1,4,7,0,0,1,0,15.0,15.0,15.0,2.5,2.5,False,False,False,True
muhammad.aslam,97701e77-a5a6-49bc-ae22-a5f24a7b3e4b,CRC_3543,low-grade,low-grade,low-grade,2,False,True,True,2026-05-07T07:41:28+00:00,2026-05-07T07:41:49+00:00,36,1,25,11,6,17,0,10,0,0,1,1,21.0,21.0,21.0,5.0,2.5,False,False,False,True
muhammad.aslam,97b63134-2c9b-4104-80b4-331a968f721e,CRC_2293,high-grade,high-grade,high-grade,2,False,True,True,2026-05-07T12:53:02+00:00,2026-05-07T12:53:11+00:00,17,1,12,5,4,6,0,4,0,0,1,1,9.0,9.0,9.0,5.0,2.5,False,False,False,True
muhammad.aslam,98dd65a0-b7a2-4153-bc05-36e4d91cda37,CRC_0632,low-grade,low-grade,low-grade,2,False,True,True,2026-05-07T12:53:52+00:00,2026-05-07T12:54:01+00:00,19,1,14,5,4,8,0,4,0,0,1,1,9.0,9.0,9.0,2.5,2.5,False,False,False,True
muhammad.aslam,98ffb293-537d-4d3d-a776-06901c983014,CRC_3071,non-neoplastic,non-neoplastic,non-neoplastic,2,False,True,True,2026-05-07T07:39:32+00:00,2026-05-07T07:39:46+00:00,24,1,16,8,5,9,0,7,0,0,1,1,14.0,14.0,14.0,5.0,2.5,False,False,False,True
muhammad.aslam,99f40c20-ba58-4d3d-9c1f-9bd1aa346a02,CRC_3289,non-neoplastic,non-neoplastic,non-neoplastic,2,False,True,True,2026-05-07T07:37:53+00:00,2026-05-07T07:38:19+00:00,40,1,26,14,8,16,0,13,0,0,1,1,26.0,26.0,26.0,10.0,2.5,True,False,False,False
muhammad.aslam,9b3a2d37-4321-44a9-b93c-5a66ed724281,CRC_2646,low-grade,low-grade,low-grade,2,False,True,True,2026-05-07T08:10:55+00:00,2026-05-07T08:11:24+00:00,47,1,32,15,10,20,0,14,0,0,1,1,29.0,29.0,29.0,20.0,2.5,True,True,False,False
muhammad.aslam,9b4f67cc-6da2-43df-953c-1fa5d2688534,CRC_1308,low-grade,low-grade,low-grade,2,False,True,True,2026-05-07T08:05:28+00:00,2026-05-07T08:05:46+00:00,17,1,8,9,2,4,0,8,0,0,1,1,18.0,18.0,18.0,5.0,2.5,False,False,False,True
muhammad.aslam,9c80dfc5-aeb7-4393-a91e-779dbd8aaa14,CRC_3075,non-neoplastic,non-neoplastic,non-neoplastic,2,False,True,True,2026-05-07T12:43:53+00:00,2026-05-07T12:44:09+00:00,25,1,16,9,5,9,0,8,0,0,1,1,16.0,16.0,16.0,5.0,2.5,False,False,False,True
muhammad.aslam,9caafe4e-b9ea-434a-bb88-a88188ed9ba3,CRC_2950,low-grade,low-grade,low-grade,2,False,True,True,2026-05-07T12:53:32+00:00,2026-05-07T12:53:38+00:00,8,1,4,4,1,1,0,3,0,0,1,1,6.0,6.0,6.0,2.5,2.5,False,False,False,True
muhammad.aslam,9e1f607b-22d1-4a80-9a8c-86f8199b0b1a,CRC_3680,low-grade,low-grade,low-grade,2,False,True,True,2026-03-26T16:05:42+00:00,2026-03-26T16:05:51+00:00,13,1,8,5,1,5,0,4,0,0,1,1,9.0,9.0,9.0,5.0,0.31,False,False,False,True
muhammad.aslam,9e999e81-975c-4095-bf01-f919f738a972,CRC_4349,low-grade,low-grade,low-grade,2,False,True,True,2026-05-07T07:45:18+00:00,2026-05-07T07:45:39+00:00,29,1,18,11,5,9,2,10,0,0,1,1,21.0,21.0,21.0,10.0,2.5,True,False,False,False
muhammad.aslam,9f056333-27ed-4c5a-8a9b-57372f9b1c02,CRC_3010,non-neoplastic,non-neoplastic,non-neoplastic,2,False,True,True,2026-05-07T13:41:47+00:00,2026-05-07T13:41:54+00:00,16,1,12,4,3,7,0,3,0,0,1,1,7.0,7.0,7.0,5.0,3.75,False,False,False,True
muhammad.aslam,a187b0f1-ba4a-4e84-8ce3-11adef3f9afc,CRC_0532,low-grade,non-neoplastic,non-neoplastic,2,False,True,False,2026-05-07T13:43:50+00:00,2026-05-07T13:44:07+00:00,36,1,27,9,7,18,0,8,0,0,1,1,17.0,17.0,17.0,10.0,5.0,True,False,False,False
muhammad.aslam,a1d0f83b-780a-45d5-b775-290b185c2614,CRC_2530,low-grade,low-grade,low-grade,2,False,True,True,2026-05-07T13:33:22+00:00,2026-05-07T13:33:32+00:00,17,1,12,5,3,7,0,4,0,0,1,1,10.0,10.0,10.0,5.0,5.0,False,False,False,True
muhammad.aslam,a2617aa9-ae77-4916-b797-e7913ab7f690,CRC_1083,non-neoplastic,non-neoplastic,low-grade,3,True,True,True,2026-05-07T13:34:25+00:00,2026-05-07T13:34:37+00:00,24,1,18,6,5,10,0,5,0,0,2,1,12.0,12.0,12.0,10.0,2.5,True,False,False,False
muhammad.aslam,a28faa5d-067a-4a3a-a8fd-5e41ab0955d9,CRC_3127,non-neoplastic,low-grade,low-grade,1,False,True,False,2026-04-01T15:28:24+00:00,2026-04-01T15:37:19+00:00,53,1,13,40,4,8,0,35,2,2,1,0,535.0,70.0,130.0,5.0,2.5,False,False,False,True
muhammad.aslam,a2e26de8-ea7a-46aa-b3c1-e4c577e5e510,CRC_1917,low-grade,low-grade,low-grade,2,False,True,True,2026-05-07T13:36:14+00:00,2026-05-07T13:36:25+00:00,21,1,15,6,5,8,0,5,0,0,1,1,11.0,11.0,11.0,5.0,2.5,False,False,False,True
muhammad.aslam,a4e2d445-04cc-448d-b822-c78bf2e57815,CRC_2014,high-grade,high-grade,high-grade,2,False,True,True,2026-05-07T13:44:57+00:00,2026-05-07T13:45:03+00:00,12,1,9,3,2,5,0,2,0,0,1,1,6.0,6.0,6.0,5.0,3.75,False,False,False,True
muhammad.aslam,a5e87ee0-76dd-4d2f-925b-26e96ebac77a,CRC_2446,non-neoplastic,low-grade,low-grade,2,False,True,False,2026-03-26T16:37:21+00:00,2026-03-26T16:38:53+00:00,56,1,22,34,5,8,7,31,1,1,1,1,92.0,62.0,92.0,10.0,5.0,True,False,False,False
muhammad.aslam,a601742f-3a52-439f-8c1d-48f1daf20558,CRC_4062,low-grade,low-grade,low-grade,2,False,True,True,2026-05-07T07:50:10+00:00,2026-05-07T07:50:20+00:00,13,1,8,5,2,4,0,4,0,0,1,1,10.0,10.0,10.0,2.5,2.5,False,False,False,True
muhammad.aslam,a8e1d527-80c6-416e-8149-53c6efe47dcf,CRC_2160,high-grade,low-grade,low-grade,2,False,True,False,2026-05-07T12:33:27+00:00,2026-05-07T12:40:44+00:00,27,1,7,20,1,4,0,17,1,1,1,1,437.0,34.0,64.0,5.0,0.31,False,False,False,True
muhammad.aslam,aa17e8c9-6be5-48e0-9ea8-248ee77149df,CRC_1085,high-grade,high-grade,high-grade,2,False,True,True,2026-05-07T12:48:06+00:00,2026-05-07T12:48:13+00:00,10,1,6,4,1,3,0,3,0,0,1,1,7.0,7.0,7.0,5.0,2.5,False,False,False,True
muhammad.aslam,aa75910a-a3d4-4f89-b1ca-3d748f0bbcdb,CRC_2331,low-grade,low-grade,low-grade,2,False,True,True,2026-04-01T08:55:26+00:00,2026-04-01T08:56:22+00:00,49,1,21,28,8,11,0,27,0,0,1,1,56.0,56.0,56.0,40.0,2.5,True,True,True,False
muhammad.aslam,ac52acd7-fb2d-43ea-8776-b3aee4181682,CRC_1754,high-grade,low-grade,low-grade,2,False,True,False,2026-05-07T08:02:07+00:00,2026-05-07T08:02:25+00:00,26,1,17,9,5,10,0,8,0,0,1,1,18.0,18.0,18.0,2.5,2.5,False,False,False,True
muhammad.aslam,acb01780-3336-4191-ba2a-691c22d6db86,CRC_2068,non-neoplastic,non-neoplastic,non-neoplastic,2,False,True,True,2026-05-07T13:31:51+00:00,2026-05-07T13:32:02+00:00,18,1,12,6,3,7,0,5,0,0,1,1,11.0,11.0,11.0,5.0,5.0,False,False,False,True
muhammad.aslam,b0b55343-871d-4c2f-a9bf-79e491bda831,CRC_2861,non-neoplastic,non-neoplastic,non-neoplastic,2,False,True,True,2026-05-07T11:55:53+00:00,2026-05-07T11:56:06+00:00,24,1,17,7,5,10,0,6,0,0,1,1,13.0,13.0,13.0,5.0,2.5,False,False,False,True
muhammad.aslam,b2199b4a-c5cd-4c0b-8e0a-5de90f2a9ae5,CRC_3607,non-neoplastic,non-neoplastic,non-neoplastic,2,False,True,True,2026-05-07T08:06:38+00:00,2026-05-07T08:06:51+00:00,23,1,16,7,4,10,0,6,0,0,1,1,13.0,13.0,13.0,5.0,2.5,False,False,False,True
muhammad.aslam,b248143d-fb00-4066-b62f-91f8362fd1d9,CRC_3815,low-grade,non-neoplastic,non-neoplastic,2,False,True,False,2026-05-07T13:45:04+00:00,2026-05-07T13:45:18+00:00,27,1,20,7,7,11,0,6,0,0,1,1,14.0,14.0,14.0,10.0,2.5,True,False,False,False
muhammad.aslam,b31fdc59-27b6-410a-bcad-01d004c02714,CRC_1444,non-neoplastic,non-neoplastic,non-neoplastic,2,False,True,True,2026-05-07T07:36:57+00:00,2026-05-07T07:37:24+00:00,41,1,27,14,7,16,2,13,0,0,1,1,27.0,27.0,27.0,10.0,5.0,True,False,False,False
muhammad.aslam,b3a52da3-86f6-4a84-aa96-63df73f86570,CRC_3478,low-grade,low-grade,low-grade,2,False,True,True,2026-05-07T12:56:59+00:00,2026-05-07T12:57:03+00:00,7,1,4,3,1,1,0,2,0,0,1,1,4.0,4.0,4.0,2.5,2.5,False,False,False,True
muhammad.aslam,b42dbc04-0b72-4129-a281-ebcee7c5c97f,CRC_2768,non-neoplastic,low-grade,low-grade,2,False,True,False,2026-04-01T16:24:29+00:00,2026-04-01T16:24:50+00:00,30,1,19,11,6,11,0,10,0,0,1,1,21.0,21.0,21.0,20.0,5.0,True,True,False,False
muhammad.aslam,b4487082-b40e-43f3-bb5f-ba17911b1b42,CRC_0564,non-neoplastic,non-neoplastic,non-neoplastic,2,False,True,True,2026-05-07T07:35:21+00:00,2026-05-07T07:35:33+00:00,20,1,13,7,4,7,0,6,0,0,1,1,12.0,12.0,12.0,5.0,2.5,False,False,False,True
muhammad.aslam,b47c416c-a7ef-44bd-a11e-0ba0045f01a1,CRC_3570,low-grade,low-grade,low-grade,2,False,True,True,2026-05-07T13:33:34+00:00,2026-05-07T13:33:55+00:00,40,1,29,11,9,18,0,10,0,0,1,1,21.0,21.0,21.0,10.0,5.0,True,False,False,False
muhammad.aslam,b584419a-f908-4cef-badd-fe5150f26278,CRC_0740,non-neoplastic,non-neoplastic,non-neoplastic,2,False,True,True,2026-04-01T08:58:14+00:00,2026-04-01T08:58:35+00:00,23,1,12,11,2,2,6,10,0,0,1,1,21.0,21.0,21.0,5.0,5.0,False,False,False,True
muhammad.aslam,b5c4ecff-0439-4401-aae9-5e7e4909b2d5,CRC_1130,non-neoplastic,non-neoplastic,non-neoplastic,2,False,True,True,2026-05-07T12:52:13+00:00,2026-05-07T12:53:01+00:00,62,1,38,24,11,25,0,23,0,0,1,1,48.0,48.0,48.0,10.0,5.0,True,False,False,False
muhammad.aslam,b646f92d-6715-4ff1-97d9-63f4eb700841,CRC_4081,non-neoplastic,non-neoplastic,non-neoplastic,2,False,True,True,2026-04-01T16:27:42+00:00,2026-04-01T16:28:48+00:00,113,1,79,34,26,51,0,33,0,0,1,1,66.0,66.0,66.0,10.0,2.5,True,False,False,False
muhammad.aslam,b7fccbd1-aeb3-4741-aaad-f8a5cd8144e4,CRC_1615,non-neoplastic,low-grade,low-grade,2,False,True,False,2026-05-07T08:06:53+00:00,2026-05-07T08:07:00+00:00,12,1,8,4,2,4,0,3,0,0,1,1,7.0,7.0,7.0,2.5,2.5,False,False,False,True
muhammad.aslam,b88712ea-fa2d-4233-9b3a-2639a5cfe916,CRC_2728,high-grade,high-grade,high-grade,2,False,True,True,2026-05-07T12:14:44+00:00,2026-05-07T12:15:36+00:00,47,1,23,24,8,13,0,21,1,1,1,1,52.0,43.0,52.0,10.0,2.5,True,False,False,False
muhammad.aslam,ba6cc077-b4e9-4729-b26a-9fe351bc07c1,CRC_2773,low-grade,non-neoplastic,non-neoplastic,2,False,True,False,2026-05-07T12:22:57+00:00,2026-05-07T12:24:35+00:00,57,1,28,29,9,17,0,26,1,1,1,1,98.0,52.0,82.0,10.0,2.5,True,False,False,False
muhammad.aslam,bb7df031-3631-43cb-99ee-99c94b605019,CRC_2450,non-neoplastic,low-grade,low-grade,2,False,True,False,2026-04-01T08:56:24+00:00,2026-04-01T08:58:11+00:00,28,1,7,21,2,3,0,18,1,1,1,1,107.0,37.0,67.0,5.0,0.63,False,False,False,True
muhammad.aslam,bb97a615-d1e4-43da-95be-b0f3d04d39c8,CRC_3609,non-neoplastic,non-neoplastic,non-neoplastic,2,False,True,True,2026-05-07T12:43:15+00:00,2026-05-07T12:43:31+00:00,28,1,19,9,6,11,0,8,0,0,1,1,16.0,16.0,16.0,2.5,2.5,False,False,False,True
muhammad.aslam,bbfabcf9-3b3f-4beb-bc0b-f070abf79b81,CRC_2854,non-neoplastic,non-neoplastic,non-neoplastic,2,False,True,True,2026-03-31T13:15:48+00:00,2026-04-01T08:53:41+00:00,100,2,52,48,17,33,0,44,1,0,1,1,70673.0,89.0,89.0,10.0,2.5,True,False,False,False
muhammad.aslam,bc6a5b15-88fa-4e0f-9fb8-5f883ef89287,CRC_0489,non-neoplastic,low-grade,low-grade,2,False,True,False,2026-05-07T12:20:38+00:00,2026-05-07T12:21:35+00:00,49,1,20,29,6,12,0,28,0,0,1,1,57.0,57.0,57.0,10.0,5.0,True,False,False,False
muhammad.aslam,bcacc6f6-3ff0-4ae0-9553-051ccfea5459,CRC_1233,high-grade,low-grade,low-grade,2,False,True,False,2026-05-07T13:34:12+00:00,2026-05-07T13:34:23+00:00,23,1,17,6,6,9,0,5,0,0,1,1,11.0,11.0,11.0,10.0,2.5,True,False,False,False
muhammad.aslam,bf201ad5-68b7-4a03-8862-17e889caf70d,CRC_3931,low-grade,low-grade,low-grade,2,False,True,True,2026-05-07T07:52:24+00:00,2026-05-07T07:52:33+00:00,16,1,11,5,3,6,0,4,0,0,1,1,9.0,9.0,9.0,2.5,2.5,False,False,False,True
muhammad.aslam,c0281336-0069-4da3-8915-b59e1b17f98c,CRC_2301,low-grade,low-grade,low-grade,2,False,True,True,2026-03-26T16:04:50+00:00,2026-03-26T16:05:18+00:00,43,1,29,14,8,15,4,13,0,0,1,1,28.0,28.0,28.0,10.0,2.5,True,False,False,False
muhammad.aslam,c0aaca2e-7952-4574-8332-299af7689b53,CRC_1180,low-grade,low-grade,low-grade,2,False,True,True,2026-05-07T12:43:33+00:00,2026-05-07T12:43:40+00:00,14,1,10,4,3,5,0,3,0,0,1,1,7.0,7.0,7.0,5.0,2.5,False,False,False,True
muhammad.aslam,c113e30e-3f96-4ea5-a8c1-4581ff955dcc,CRC_2979,low-grade,low-grade,low-grade,2,False,True,True,2026-05-07T07:43:22+00:00,2026-05-07T07:43:39+00:00,19,1,10,9,3,5,0,8,0,0,1,1,17.0,17.0,17.0,2.5,2.5,False,False,False,True
muhammad.aslam,c2164098-a011-4c3c-a782-db26ec0c1273,CRC_0374,high-grade,low-grade,low-grade,2,False,True,False,2026-05-07T12:51:57+00:00,2026-05-07T12:52:12+00:00,25,1,17,8,4,11,0,7,0,0,1,1,15.0,15.0,15.0,10.0,2.5,True,False,False,False
muhammad.aslam,c517e18c-2f52-4d1e-8d53-33fa22d683d0,CRC_2715,non-neoplastic,non-neoplastic,non-neoplastic,2,False,True,True,2026-05-07T12:44:54+00:00,2026-05-07T12:45:19+00:00,48,1,35,13,9,24,0,12,0,0,1,1,25.0,25.0,25.0,10.0,3.75,True,False,False,False
muhammad.aslam,c79bfbb9-bae8-4683-b764-860ffad3331c,CRC_4013,low-grade,low-grade,low-grade,2,False,True,True,2026-04-01T16:26:15+00:00,2026-04-01T16:26:38+00:00,40,1,28,12,7,19,0,11,0,0,1,1,23.0,23.0,23.0,10.0,2.5,True,False,False,False
muhammad.aslam,c79f74f2-76ee-4f42-aa55-b10dcf0700d3,CRC_4046,high-grade,high-grade,high-grade,2,False,True,True,2026-05-07T07:49:41+00:00,2026-05-07T07:49:50+00:00,15,1,10,5,3,5,0,4,0,0,1,1,9.0,9.0,9.0,5.0,2.5,False,False,False,True
muhammad.aslam,c7ba1bc0-91c4-45ec-b0fd-1bbafe105efe,CRC_2490,low-grade,non-neoplastic,non-neoplastic,2,False,True,False,2026-05-07T08:02:26+00:00,2026-05-07T08:05:09+00:00,50,1,25,25,8,15,0,22,1,1,1,1,163.0,45.0,75.0,5.0,2.5,False,False,False,True
muhammad.aslam,c7ecf944-0cbc-4414-acb2-710f7885d8c6,CRC_0652,high-grade,low-grade,low-grade,2,False,True,False,2026-05-07T13:32:59+00:00,2026-05-07T13:33:08+00:00,18,1,13,5,4,7,0,4,0,0,1,1,9.0,9.0,9.0,2.5,2.5,False,False,False,True
muhammad.aslam,c962c4b4-0833-45c5-b89b-72ba48a1f9c4,CRC_3712,high-grade,low-grade,low-grade,2,False,True,False,2026-05-07T08:07:27+00:00,2026-05-07T08:07:45+00:00,34,1,25,9,8,15,0,8,0,0,1,1,18.0,18.0,18.0,2.5,2.5,False,False,False,True
muhammad.aslam,c9b1c2b2-495c-428a-82b4-e5ac5b7f0eea,CRC_3979,high-grade,low-grade,low-grade,1,False,True,False,2026-05-07T12:47:19+00:00,2026-05-07T12:47:28+00:00,18,1,13,5,4,8,0,4,0,0,1,0,9.0,9.0,9.0,5.0,2.5,False,False,False,True
muhammad.aslam,c9fa121d-008d-4ec6-91e6-7e6a3dc4eb38,CRC_4043,high-grade,high-grade,high-grade,2,False,True,True,2026-05-07T08:01:36+00:00,2026-05-07T08:02:05+00:00,39,1,24,15,7,15,0,14,0,0,1,1,29.0,29.0,29.0,10.0,5.0,True,False,False,False
muhammad.aslam,ca261bd2-0bd9-46f8-9a14-77781c5f3822,CRC_3659,low-grade,non-neoplastic,non-neoplastic,2,False,True,False,2026-05-07T13:32:36+00:00,2026-05-07T13:32:57+00:00,40,1,29,11,10,17,0,10,0,0,1,1,21.0,21.0,21.0,10.0,2.5,True,False,False,False
muhammad.aslam,ca843f9f-8f15-4042-955a-bc74f014e92d,CRC_0547,high-grade,low-grade,low-grade,2,False,True,False,2026-05-07T13:43:21+00:00,2026-05-07T13:43:34+00:00,28,1,21,7,6,13,0,6,0,0,1,1,13.0,13.0,13.0,20.0,5.0,True,True,False,False
muhammad.aslam,cb2a6303-adb7-4cc7-a061-14c47a1affcf,CRC_0767,high-grade,high-grade,high-grade,2,False,True,True,2026-05-07T12:56:45+00:00,2026-05-07T12:56:49+00:00,8,1,5,3,1,2,0,2,0,0,1,1,4.0,4.0,4.0,2.5,2.5,False,False,False,True
muhammad.aslam,cb6d35da-fcfb-46f1-9d5b-84d33cf74bfd,CRC_1555,high-grade,high-grade,high-grade,2,False,True,True,2026-04-01T15:37:22+00:00,2026-04-01T15:38:30+00:00,56,1,20,36,7,11,0,33,1,1,1,1,68.0,67.0,68.0,10.0,5.0,True,False,False,False
muhammad.aslam,cb7b59e7-26e3-44dd-b5ab-8d0391d0a9af,CRC_0787,non-neoplastic,low-grade,low-grade,2,False,True,False,2026-05-07T12:40:46+00:00,2026-05-07T12:40:58+00:00,25,1,18,7,5,11,0,6,0,0,1,1,12.0,12.0,12.0,10.0,5.0,True,False,False,False
muhammad.aslam,cbda0df4-13b8-4a7c-a5d9-c9b62c3ebe40,CRC_3562,low-grade,high-grade,high-grade,2,False,True,False,2026-05-07T07:38:21+00:00,2026-05-07T07:38:33+00:00,17,1,11,6,2,7,0,5,0,0,1,1,12.0,12.0,12.0,5.0,2.5,False,False,False,True
muhammad.aslam,cd405508-3e74-4881-abe3-e1c96690add8,CRC_3058,low-grade,non-neoplastic,non-neoplastic,2,False,True,False,2026-03-26T16:05:53+00:00,2026-03-26T16:26:57+00:00,85,1,41,44,6,11,22,41,1,1,1,1,1264.0,84.0,114.0,10.0,2.5,True,False,False,False
muhammad.aslam,cd962069-bfb7-4edc-8163-6a110d84f5c3,CRC_2714,low-grade,non-neoplastic,non-neoplastic,2,False,True,False,2026-05-07T13:36:59+00:00,2026-05-07T13:37:30+00:00,36,1,20,16,5,13,0,15,0,0,1,1,31.0,31.0,31.0,10.0,5.0,True,False,False,False
muhammad.aslam,ce6c6e97-23cd-4c2a-bb72-481596de27ef,CRC_2563,high-grade,high-grade,high-grade,2,False,True,True,2026-04-01T08:53:44+00:00,2026-04-01T08:54:42+00:00,62,1,32,30,8,21,1,29,0,0,1,1,58.0,58.0,58.0,40.0,3.75,True,True,True,False
muhammad.aslam,cfeb8f05-ecee-4504-a9f2-ec763d163804,CRC_0350,high-grade,high-grade,high-grade,2,False,True,True,2026-05-07T07:47:16+00:00,2026-05-07T07:47:37+00:00,35,1,24,11,8,14,0,10,0,0,1,1,21.0,21.0,21.0,10.0,2.5,True,False,False,False
muhammad.aslam,d1ab2e98-fed7-42ca-a870-bd073f941476,CRC_2181,non-neoplastic,non-neoplastic,non-neoplastic,2,False,True,True,2026-05-07T12:55:50+00:00,2026-05-07T12:56:16+00:00,47,1,34,13,11,21,0,12,0,0,1,1,26.0,26.0,26.0,5.0,2.5,False,False,False,True
muhammad.aslam,d2ab0aff-02f8-408a-91e1-6791af545423,CRC_0308,non-neoplastic,non-neoplastic,non-neoplastic,2,False,True,True,2026-05-07T13:42:08+00:00,2026-05-07T13:42:24+00:00,22,1,13,9,4,7,0,8,0,0,1,1,16.0,16.0,16.0,2.5,2.5,False,False,False,True
muhammad.aslam,d3bb593e-62c6-492b-833e-17c319f3132f,CRC_2870,high-grade,low-grade,low-grade,2,False,True,False,2026-05-07T12:53:12+00:00,2026-05-07T12:53:31+00:00,36,1,26,10,6,18,0,9,0,0,1,1,19.0,19.0,19.0,5.0,2.5,False,False,False,True
muhammad.aslam,d3d0bdfc-6d6d-4d42-bb6a-2f2eb4ebac0f,CRC_0580,low-grade,non-neoplastic,non-neoplastic,2,False,True,False,2026-05-07T11:54:46+00:00,2026-05-07T11:55:06+00:00,34,1,24,10,7,15,0,9,0,0,1,1,20.0,20.0,20.0,20.0,5.0,True,True,False,False
muhammad.aslam,d5292288-6e88-402e-bdff-6f393cddce72,CRC_2722,high-grade,low-grade,low-grade,2,False,True,False,2026-05-07T13:41:56+00:00,2026-05-07T13:42:06+00:00,25,1,19,6,6,11,0,5,0,0,1,1,10.0,10.0,10.0,2.5,2.5,False,False,False,True
muhammad.aslam,d62a0c15-1ccf-481f-8372-2670359e545a,CRC_2126,high-grade,low-grade,low-grade,2,False,True,False,2026-05-07T08:05:10+00:00,2026-05-07T08:05:27+00:00,21,1,12,9,3,7,0,8,0,0,1,1,17.0,17.0,17.0,5.0,5.0,False,False,False,True
muhammad.aslam,d6fc8905-d723-4c00-9e03-f4f12ae8bbc5,CRC_1979,high-grade,low-grade,low-grade,2,False,True,False,2026-05-07T07:49:52+00:00,2026-05-07T07:50:09+00:00,27,1,18,9,6,10,0,8,0,0,1,1,17.0,17.0,17.0,5.0,2.5,False,False,False,True
muhammad.aslam,da675134-743c-4a09-a950-cffdb15ef2b4,CRC_2274,low-grade,low-grade,low-grade,2,False,True,True,2026-05-07T12:50:47+00:00,2026-05-07T12:51:10+00:00,25,1,13,12,4,7,0,11,0,0,1,1,23.0,23.0,23.0,2.5,2.5,False,False,False,True
muhammad.aslam,db48e181-27c6-487b-a0cc-9e4bbc812779,CRC_2300,non-neoplastic,low-grade,low-grade,2,False,True,False,2026-04-01T08:59:33+00:00,2026-04-01T15:27:28+00:00,65,2,26,39,6,14,4,35,1,0,1,1,23275.0,72.0,72.0,20.0,2.5,True,True,False,False
muhammad.aslam,dcd2c3d9-2ba0-43ff-a22d-3a4b0dc3998a,CRC_2632,low-grade,low-grade,low-grade,2,False,True,True,2026-05-07T08:06:19+00:00,2026-05-07T08:06:37+00:00,15,1,6,9,1,3,0,8,0,0,1,1,18.0,18.0,18.0,5.0,0.31,False,False,False,True
muhammad.aslam,dd02b630-9117-4166-8095-29ae2cdab04b,CRC_2684,low-grade,low-grade,low-grade,2,False,True,True,2026-03-26T16:04:14+00:00,2026-03-26T16:04:48+00:00,53,1,36,17,9,25,0,16,0,0,1,1,34.0,34.0,34.0,10.0,5.0,True,False,False,False
muhammad.aslam,de60d10f-4a4d-4c58-aacf-dc2fb7806bbd,CRC_2634,high-grade,low-grade,high-grade,3,True,True,False,2026-05-07T11:56:08+00:00,2026-05-07T11:56:38+00:00,47,1,32,15,11,18,0,14,0,0,2,1,30.0,30.0,30.0,20.0,2.5,True,True,False,False
muhammad.aslam,dea8252c-5343-41ce-9992-4df9c3e8bf5c,CRC_1951,non-neoplastic,non-neoplastic,non-neoplastic,2,False,True,True,2026-05-07T07:58:42+00:00,2026-05-07T08:01:35+00:00,35,1,12,23,4,6,0,20,1,1,1,1,173.0,42.0,72.0,5.0,0.63,False,False,False,True
muhammad.aslam,e094de10-252c-4d3b-b487-40fc33683bf4,CRC_1837,high-grade,high-grade,high-grade,2,False,True,True,2026-04-01T08:58:37+00:00,2026-04-01T08:58:54+00:00,22,1,13,9,3,5,3,8,0,0,1,1,17.0,17.0,17.0,2.5,2.5,False,False,False,True
muhammad.aslam,e10cd460-78db-4298-a017-e40191035a56,CRC_1505,low-grade,high-grade,high-grade,2,False,True,False,2026-05-07T12:17:14+00:00,2026-05-07T12:17:26+00:00,15,1,8,7,2,4,0,6,0,0,1,1,12.0,12.0,12.0,5.0,2.5,False,False,False,True
muhammad.aslam,e18e4f94-b65d-47ff-84f8-90982c7c2df8,CRC_3386,low-grade,low-grade,low-grade,2,False,True,True,2026-05-07T08:10:40+00:00,2026-05-07T08:10:53+00:00,25,1,18,7,6,10,0,6,0,0,1,1,13.0,13.0,13.0,5.0,2.5,False,False,False,True
muhammad.aslam,e1c64018-4398-41d6-a942-02425b369283,CRC_0771,non-neoplastic,non-neoplastic,non-neoplastic,2,False,True,True,2026-05-07T07:46:27+00:00,2026-05-07T07:46:41+00:00,26,1,19,7,6,11,0,6,0,0,1,1,14.0,14.0,14.0,2.5,2.5,False,False,False,True
muhammad.aslam,e23d02bc-8696-49ce-bc04-95614440d78e,CRC_1076,high-grade,low-grade,low-grade,2,False,True,False,2026-05-07T11:54:09+00:00,2026-05-07T11:54:36+00:00,41,1,27,14,9,16,0,13,0,0,1,1,27.0,27.0,27.0,5.0,2.5,False,False,False,True
muhammad.aslam,e63ba31d-b075-4ed8-8914-8b74a396bb75,CRC_3039,high-grade,high-grade,high-grade,1,False,True,True,2026-05-07T11:56:40+00:00,2026-05-07T11:56:49+00:00,16,1,11,5,4,6,0,4,0,0,1,0,9.0,9.0,9.0,5.0,2.5,False,False,False,True
muhammad.aslam,e64061f4-1396-42a6-88f3-c7ff9641d14a,CRC_2277,low-grade,low-grade,low-grade,2,False,True,True,2026-04-01T16:29:54+00:00,2026-04-01T16:30:13+00:00,27,1,17,10,5,10,0,9,0,0,1,1,19.0,19.0,19.0,2.5,2.5,False,False,False,True
muhammad.aslam,e6837fc5-923b-4df1-96e6-b8eae78fb93a,CRC_4050,high-grade,low-grade,low-grade,2,False,True,False,2026-05-07T07:44:45+00:00,2026-05-07T07:44:55+00:00,18,1,12,6,3,7,0,5,0,0,1,1,10.0,10.0,10.0,5.0,3.75,False,False,False,True
muhammad.aslam,e6b0a0f4-f938-4bdd-b4ec-66e935f953bd,CRC_0018,high-grade,low-grade,low-grade,2,False,True,False,2026-05-07T07:52:12+00:00,2026-05-07T07:52:23+00:00,20,1,14,6,3,9,0,5,0,0,1,1,11.0,11.0,11.0,5.0,2.5,False,False,False,True
muhammad.aslam,e6bfc01e-a30b-40be-9b0c-9d150c1a17c1,CRC_1042,non-neoplastic,low-grade,low-grade,2,False,True,False,2026-05-07T07:43:51+00:00,2026-05-07T07:43:57+00:00,10,1,6,4,1,3,0,3,0,0,1,1,6.0,6.0,6.0,5.0,2.5,False,False,False,True
muhammad.aslam,e7cb83a8-6f19-42ae-8719-604d6782414d,CRC_1353,low-grade,low-grade,low-grade,2,False,True,True,2026-05-07T13:44:25+00:00,2026-05-07T13:44:36+00:00,23,1,17,6,4,11,0,5,0,0,1,1,11.0,11.0,11.0,5.0,5.0,False,False,False,True
muhammad.aslam,e9cfbd63-7e29-405a-8a4e-5bd3571be3a4,CRC_0448,high-grade,low-grade,low-grade,2,False,True,False,2026-05-07T08:07:46+00:00,2026-05-07T08:07:59+00:00,23,1,16,7,4,10,0,6,0,0,1,1,13.0,13.0,13.0,5.0,5.0,False,False,False,True
muhammad.aslam,eba9599d-af0c-4cc9-8ad8-55356e694a6a,CRC_2518,non-neoplastic,non-neoplastic,non-neoplastic,2,False,True,True,2026-05-07T08:06:01+00:00,2026-05-07T08:06:17+00:00,32,1,23,9,7,14,0,8,0,0,1,1,16.0,16.0,16.0,10.0,2.5,True,False,False,False
muhammad.aslam,eea3e0cb-46b0-404d-a35c-8bbbac76acfb,CRC_0572,high-grade,low-grade,low-grade,2,False,True,False,2026-03-26T16:40:36+00:00,2026-03-31T13:14:58+00:00,104,2,41,63,12,24,3,58,1,0,1,1,419662.0,122.0,122.0,10.0,2.5,True,False,False,False
muhammad.aslam,f11dc655-55cb-41de-8550-ddae34742ff8,CRC_4269,high-grade,high-grade,high-grade,2,False,True,True,2026-05-07T07:44:57+00:00,2026-05-07T07:45:03+00:00,8,1,4,4,1,1,0,3,0,0,1,1,6.0,6.0,6.0,2.5,2.5,False,False,False,True
muhammad.aslam,f217e59c-63ee-4511-b45e-9989db807570,CRC_2945,non-neoplastic,non-neoplastic,non-neoplastic,2,False,True,True,2026-05-07T07:58:22+00:00,2026-05-07T07:58:40+00:00,29,1,19,10,6,11,0,9,0,0,1,1,18.0,18.0,18.0,5.0,2.5,False,False,False,True
muhammad.aslam,f4c5edf1-c380-42eb-8e73-ec81a5bfbd02,CRC_4186,low-grade,low-grade,low-grade,2,False,True,True,2026-05-07T07:39:00+00:00,2026-05-07T07:39:14+00:00,20,1,13,7,4,7,0,6,0,0,1,1,14.0,14.0,14.0,2.5,2.5,False,False,False,True
muhammad.aslam,f4c735cf-cb0a-46a1-afd2-5c89dee0c243,CRC_2678,non-neoplastic,low-grade,low-grade,2,False,True,False,2026-05-07T13:43:35+00:00,2026-05-07T13:43:49+00:00,23,1,16,7,5,9,0,6,0,0,1,1,14.0,14.0,14.0,20.0,5.0,True,True,False,False
muhammad.aslam,f4e25cce-a787-40f4-8cb8-c02d53056a89,CRC_0069,low-grade,low-grade,low-grade,2,False,True,True,2026-05-07T08:09:23+00:00,2026-05-07T08:09:30+00:00,14,1,10,4,2,6,0,3,0,0,1,1,7.0,7.0,7.0,5.0,2.5,False,False,False,True
muhammad.aslam,f623b14c-1c9c-467f-9688-15b8b005d076,CRC_0937,low-grade,low-grade,low-grade,2,False,True,True,2026-05-07T12:55:33+00:00,2026-05-07T12:55:49+00:00,24,1,16,8,5,9,0,7,0,0,1,1,16.0,16.0,16.0,2.5,2.5,False,False,False,True
muhammad.aslam,f6448395-2534-46a8-96c5-6c575cfa6b65,CRC_2218,high-grade,high-grade,high-grade,2,False,True,True,2026-05-07T08:08:13+00:00,2026-05-07T08:08:48+00:00,23,1,4,19,1,1,0,16,1,1,1,1,35.0,34.0,35.0,2.5,0.31,False,False,False,True
muhammad.aslam,f67616b3-5edb-40fd-bf3e-ff9867ef5166,CRC_1095,high-grade,low-grade,low-grade,2,False,True,False,2026-05-07T07:46:04+00:00,2026-05-07T07:46:14+00:00,18,1,13,5,4,7,0,4,0,0,1,1,10.0,10.0,10.0,2.5,2.5,False,False,False,True
muhammad.aslam,f6cddcee-8295-4ad4-b5cd-54c83d0612bc,CRC_0133,non-neoplastic,non-neoplastic,non-neoplastic,2,False,True,True,2026-05-07T12:14:11+00:00,2026-05-07T12:14:29+00:00,32,1,23,9,7,14,0,8,0,0,1,1,18.0,18.0,18.0,10.0,5.0,True,False,False,False
muhammad.aslam,f726850e-2b9c-412a-a274-1a542d2a364f,CRC_1043,non-neoplastic,non-neoplastic,non-neoplastic,2,False,True,True,2026-05-07T07:31:26+00:00,2026-05-07T07:33:15+00:00,104,1,53,51,17,34,0,47,1,1,1,1,109.0,96.0,109.0,40.0,5.0,True,True,True,False
muhammad.aslam,f865c218-b926-4002-a09d-a13f00518098,CRC_2244,high-grade,high-grade,high-grade,2,False,True,True,2026-05-07T12:56:51+00:00,2026-05-07T12:56:58+00:00,14,1,10,4,3,5,0,3,0,0,1,1,7.0,7.0,7.0,5.0,2.5,False,False,False,True
muhammad.aslam,f93d1692-5067-4b31-8fa6-132d21bf9ce7,CRC_2617,high-grade,low-grade,low-grade,2,False,True,False,2026-03-26T16:30:53+00:00,2026-03-26T16:32:23+00:00,75,1,35,40,9,22,2,37,1,1,1,1,90.0,74.0,90.0,20.0,5.0,True,True,False,False
muhammad.aslam,f9c8a30e-5902-46d6-bec4-642986956ae7,CRC_2130,high-grade,high-grade,high-grade,2,False,True,True,2026-05-07T13:42:47+00:00,2026-05-07T13:42:53+00:00,12,1,9,3,2,5,0,2,0,0,1,1,6.0,6.0,6.0,5.0,5.0,False,False,False,True
muhammad.aslam,fbd4635d-4c8f-420b-b60f-53cb23671f5a,CRC_3395,low-grade,low-grade,low-grade,2,False,True,True,2026-05-07T07:40:08+00:00,2026-05-07T07:40:18+00:00,17,1,11,6,2,7,0,5,0,0,1,1,10.0,10.0,10.0,5.0,2.5,False,False,False,True
muhammad.aslam,fc0214f8-0ffd-45e0-92b1-f7b67ad0f58b,CRC_1849,low-grade,low-grade,low-grade,2,False,True,True,2026-05-07T07:35:54+00:00,2026-05-07T07:36:13+00:00,32,1,22,10,7,13,0,9,0,0,1,1,19.0,19.0,19.0,5.0,2.5,False,False,False,True
muhammad.aslam,fda16653-e19e-45a4-a03c-e58bf29bc111,CRC_2485,low-grade,non-neoplastic,non-neoplastic,2,False,True,False,2026-05-07T12:24:36+00:00,2026-05-07T12:33:25+00:00,73,1,34,39,11,21,0,36,1,1,1,1,529.0,74.0,104.0,10.0,2.5,True,False,False,False
muhammad.aslam,fdb161cf-5494-4757-82b0-cb75f8af1671,CRC_4000,high-grade,high-grade,high-grade,2,False,True,True,2026-05-07T07:58:16+00:00,2026-05-07T07:58:20+00:00,9,1,6,3,2,2,0,2,0,0,1,1,4.0,4.0,4.0,5.0,5.0,False,False,False,True
muhammad.aslam,ffd163bd-a4de-4198-a319-318b01664b45,CRC_3396,non-neoplastic,non-neoplastic,non-neoplastic,2,False,True,True,2026-05-07T08:05:48+00:00,2026-05-07T08:05:59+00:00,16,1,10,6,3,5,0,5,0,0,1,1,11.0,11.0,11.0,2.5,2.5,False,False,False,True
